project ID,project name,companies of project,role of company,location of company,source,
VCS5962,"Recovery and Avoidance of methane from Industrial wastewater treatment project at Agro Muara Rupit mill, Indonesia",Knowledge Intergration Services (Singapore) Pte. Ltd,Project Proponent,India,https://kisgroup.net/,
VCS5962,"Recovery and Avoidance of methane from Industrial wastewater treatment project at Agro Muara Rupit mill, Indonesia",PT KIS Biofuels Indonesia,Owner,South Jakarta,https://companieshouse.id/kis-biofuels-indonesia,
VCS5962,"Recovery and Avoidance of methane from Industrial wastewater treatment project at Agro Muara Rupit mill, Indonesia",Sipef Group,Director,North Sumatra,https://www.sipef.com/sipef-indonesia/,
VCS4705,KIS BIOFUELS - UKINDO PROJECT,PT KIS Biofuels Indonesia,Project Proponent,South Jakarta,https://companieshouse.id/kis-biofuels-indonesia,
VCS4705,KIS BIOFUELS - UKINDO PROJECT,PT United Kingdom Indonesia Plantations,Mill Owner,North Sumatra,https://www.angloeastern.co.uk/,
VCS5956,AgriCapture Southeast Asia Rice Methane Project,"AgriCapture, Inc. ","Project Proponent, Owner","TN, United States",https://agricapture.com/,
VCS5956,AgriCapture Southeast Asia Rice Methane Project,AgriTC,Implementation Partner,West  Nusa Tenggara,?,
VCS5930,Charged EV Project in Indonesia,PT Charged Tech Indonesia,Project Proponent,Banten,https://charged.asia/,
VCS5930,Charged EV Project in Indonesia,Aquila Climate Technology Holding Pte. Ltd.,Project Representative,Singapore,https://aquila.is/,
VCS5798,KALTIM HUTAMA IFM PROJECT,PT KALTIM HUTAMA,Project Proponent,West Papua,https://www.sinarwijayagroup.com/our-companies/kaltim+hutama,
VCS5798,KALTIM HUTAMA IFM PROJECT,CERPD Co. Ltd.,Technical support,"Seoul, Republic of Korea",https://www.cerpd.com/index_en.php,
VCS5722,JATI DHARMA INDAH PLYWOOD INDUSTRIES IFM PROJECT 1,PT Jati Dharma Indah Plywood Industries,Project Owner,Central Papua,https://sinarwijayagroup.com/our-companies/jati+dharma+indah+plywood+industries,
VCS5722,JATI DHARMA INDAH PLYWOOD INDUSTRIES IFM PROJECT 1,CERPD Co. Ltd.,Project Developer,"Seoul, Republic of Korea",https://www.cerpd.com/index_en.php,
VCS5620,Carbon Agroforestry in Java Island - Indonesia,Yayasan Gajah Sumatera (YAGASU),Project Proponent ,East Java & North Sumatra,https://yagasu.or.id/contact-us/,
VCS5620,Carbon Agroforestry in Java Island - Indonesia,EVI Green Markets Pte. Ltd.,Project Proponent,Singapore,https://www.sgpbusiness.com/company/Evi-Green-Markets-Pte-Ltd,
VCS5448,"BLUERIZON PROJECT: BLUE CARBON PROJECT ON TIDAL WETLAND OF MANGROVES IN JAVA-1, INDONESIA ",APOLOWNIA SAS,Project Developer,"Paris, France",https://www.apolownia.com/,
VCS5448,"BLUERIZON PROJECT: BLUE CARBON PROJECT ON TIDAL WETLAND OF MANGROVES IN JAVA-1, INDONESIA ",Yayasan Gajah Sumatera (YAGASU),Project Implementation,East Java & North Sumatra,https://yagasu.or.id/contact-us/,
VCS5545,YAKOPI Mangrove Restoration Project,Yayasan Konservasi Pesisir Indonesia (YAKOPI),Project Implementer,North Sumatra,https://www.yakopi.org/,
VCS5545,YAKOPI Mangrove Restoration Project,ClimeCo,Project Funder; Project Developer,"PA, United States",https://shop.climeco.com/offset/ecocommitted-partner-program/?gad_source=1&gad_campaignid=22368715831&gbraid=0AAAAAC3ZCyQ0uFubOO463khy4cT88xOCz&gclid=CjwKCAjwnZfPBhAGEiwAzg-VzLQn97ieHDB3GMha-99ZtKW4QMaTreWmOxUPqlpjyErFjDWfA2azcxoCzTUQAvD_BwE,
VCS5545,YAKOPI Mangrove Restoration Project,THE PURE PROJECT SAS,"Project Proponent, Project Developer, Project advisor","Paris, France",https://pur.co/,
VCS5458,Sanggala Corridor Project,PT CarbonX Bumi Harmoni,Project Proponent,Jakarta,https://www.carbonxco.com/contact-us,
VCS5458,Sanggala Corridor Project,PT Citra Mulia Inti,Project Proponent,West Kalimantan,?,
VCS5458,Sanggala Corridor Project,Ecosecurities Group Limited (EGL),Carbon Technical Services,"Carouge, Switzerland",https://ecosecurities.com/,
VCS5371,Kubu Peatland Project,PT. Menggala Rambu Utama,Project Proponent,Banten,https://registry.verra.org/app/projectDetail/VCS/5371,
VCS5371,Kubu Peatland Project,PT Hatfield Indonesia,Technical support on PD Development,West Java,https://hatfieldgroup.com/region/indonesia/,
VCS5371,Kubu Peatland Project,Bentang Kalimantan Tangguh,"Technical support on Community and Local Stakeholder Engagement,Social Baseline Study and Preliminary Stakeholder Engagement",West Kalimantan,https://bentangkalimantan.org/,
VCS5371,Kubu Peatland Project,Form International B.V.,Technical support on PD Development,"Hattem, The Netherlands",https://www.houtwereld.nl/handel/certificeringen-en-keurmerken/form-international-failliet-kans-op-doorstart-gering/ ,
VCS5323,Biogas Project PT Rohul Sawit Industri,PT Rohul Sawit Industri,Project Proponent,North Sumatra & Jakarta,https://repository.uir.ac.id/3334/7/bab4.pdf,
VCS5323,Biogas Project PT Rohul Sawit Industri,PT Pasadena Biofuel Mandiri,Biogas Operator,Jakarta,https://www.linkedin.com/company/pt-pasadena-biofuels-mandiri/?originalSubdomain=id,
VCS5323,Biogas Project PT Rohul Sawit Industri,PT. Gree Services Indonesia,Project Consultant,Jakarta,https://gree-energy.com/contact/,
VCS5292,Monsoon Methane Avoidance from Industrial Wastewater in Indonesia Grouped Project,Monsoon Carbon Pte. Ltd.,Project Proponent,Singapore,www.monsooncarbon.com ,
VCS5292,Monsoon Methane Avoidance from Industrial Wastewater in Indonesia Grouped Project,PT Intan Sejati Andalan,Plant Operator,North Sumatra,https://www.facebook.com/pages/PT.%20Intan%20Sejati%20Andalan/611684005944759/#,
VCS4792,"RECOVERY AND AVOIDANCE OF METHANE FROM INDUSTRIAL WASTEWATER TREATMENT PROJECT AT TSE GROUP, INDONESIA ",Knowledge Integration Services (Singapore) PTE. Ltd.,Project Proponent,Indonesia/ India,https://kisgroup.net/,
VCS4792,"RECOVERY AND AVOIDANCE OF METHANE FROM INDUSTRIAL WASTEWATER TREATMENT PROJECT AT TSE GROUP, INDONESIA ",PT. Berkat Cipta Abadi (PT. BCA),Mill Owner,Jakarta & South Papua,https://www.volza.com/company-profile/pt-berkat-cipta-abadi-514929/ ,
VCS4611,Halmahera Zero-Waste Renewable Energy and Biochar Project,PT Dewa Agricoco Indonesia,Project Proponent,North Maluku,https://www.dewacoco.com/ ,
VCS4611,Halmahera Zero-Waste Renewable Energy and Biochar Project,ClimatePartner Impact GmbH,Project Developer; Project Proponent,"Munich, Germany",https://climatepartnerimpact.com/contact-us/ ,
VCS4467,TSH GROUPED BIOGAS RECOVERY PROJECT,TSH Resources Berhad,Project Proponent,"Kuala Lumpur, Malaysia",https://www.tsh.com.my/ ,
VCS4467,TSH GROUPED BIOGAS RECOVERY PROJECT,PT Sarana Prima Multi Niaga,Mill Head,Central Kalimantan,,
VCS4467,TSH GROUPED BIOGAS RECOVERY PROJECT,PT Andalas Agro Industry,Mill Head,West Sumatra,https://rspo.org/wp-content/uploads/RSPO-Public-Announcement-Template-ENG-PT-Andalas-Agro-Industri.pdf ,
VCS4467,TSH GROUPED BIOGAS RECOVERY PROJECT,PT Farinda Bersaudara ,Mill Head,East Kalimantan,,
VCS4467,TSH GROUPED BIOGAS RECOVERY PROJECT,PT Andalas Wahana Berjaya ,Mill Head,West Sumatra,,
VCS4103,Water Purification System for Safe Drinking Water (SDW) in Indonesia,Synopex Inc.,Project Proponent,"Gyeonggi-do, Republic of Korea",https://www.semi.org/en/resources/member-directory/synopex-inc,
VCS4103,Water Purification System for Safe Drinking Water (SDW) in Indonesia,Project Team ATR Inc.,Implementing Partner,"Busan, Republic of Korea",https://enatr.imweb.me/69,
VCS4103,Water Purification System for Safe Drinking Water (SDW) in Indonesia,Perumda Air Minum Tirta Rangga Subang,Local Purified Water Provider,West Java,https://www.instagram.com/perumdatrs/ ,
VCS3297,Hamparan biogas project,Gree Energy Limited,Project Proponent,Hong Kong,https://gree-energy.com/contact/,
VCS3297,Hamparan biogas project,PT Gree Energy Hamparan ,Project Proponent,Jakarta & Lampung,https://gree-energy.com/project/hamparan/,
VCS3297,Hamparan biogas project,PT Hamparan Bumi Mas Abadi,Mill Owner,Lampung,https://companieshouse.id/hamparan-bumi-mas-abadi,
VCS3226,Padang Tikar Landscape,Ambrawa village,Project Proponent,West Kalimantan,https://registry.verra.org/app/projectDetail/VCS/3226,
VCS3226,Padang Tikar Landscape,Batu Ampar village,Project Proponent,West Kalimantan,https://registry.verra.org/app/projectDetail/VCS/3227,
VCS3226,Padang Tikar Landscape,Medan Mas village,Project Proponent,West Kalimantan,https://registry.verra.org/app/projectDetail/VCS/3228,
VCS3226,Padang Tikar Landscape,Nipah Panjang village,Project Proponent,West Kalimantan,https://registry.verra.org/app/projectDetail/VCS/3229,
VCS3226,Padang Tikar Landscape,Padang Tikar Sahu village,Project Proponent,West Kalimantan,https://registry.verra.org/app/projectDetail/VCS/3230,
VCS3226,Padang Tikar Landscape,Sungai Besar village,Project Proponent,West Kalimantan,https://registry.verra.org/app/projectDetail/VCS/3231,
VCS3226,Padang Tikar Landscape,Sungai Jawi village,Project Proponent,West Kalimantan,https://registry.verra.org/app/projectDetail/VCS/3232,
VCS3226,Padang Tikar Landscape,Tanjung Harapan village,Project Proponent,West Kalimantan,https://registry.verra.org/app/projectDetail/VCS/3233,
VCS3226,Padang Tikar Landscape,Tasik Malaya village,Project Proponent,West Kalimantan,https://registry.verra.org/app/projectDetail/VCS/3234,
VCS3226,Padang Tikar Landscape,Teluk Nibung village,Project Proponent,West Kalimantan,https://registry.verra.org/app/projectDetail/VCS/3235,
VCS3226,Padang Tikar Landscape,Bentang Kalimantan,Technical Advisor,West Kalimantan,https://bentangkalimantan.org/,
VCS3226,Padang Tikar Landscape,South Pole,Project Developer,Jakarta,https://www.southpole.com/about-us/south-pole-offices,
VCS3012,Agroforestry and Reforestation for Carbon Sequestration in Indonesia,THE PURE PROJECT SAS,Project Proponent; Project Developer,"Paris, France",https://pur.co/,
VCS3012,Agroforestry and Reforestation for Carbon Sequestration in Indonesia,Koperasi Gayo Antara,Implementing Partner,Aceh,https://www.reddprojectsdatabase.org/partner/2177-ribang-gayo-musara-rgm/,
VCS3012,Agroforestry and Reforestation for Carbon Sequestration in Indonesia,Leuser Hijau Lestari (LAHIR),Implementing Partner,Aceh,https://www.reddprojectsdatabase.org/partner/2177-ribang-gayo-musara-rgm/,
VCS3012,Agroforestry and Reforestation for Carbon Sequestration in Indonesia,Koalisi Pegiat Lingkungan Pulau Belitung (KPLPB),Implementing Partner,Bangka-Belitung,https://www.reddprojectsdatabase.org/partner/2177-ribang-gayo-musara-rgm/,
VCS3012,Agroforestry and Reforestation for Carbon Sequestration in Indonesia,Jaringan untuk Hutan (JAUH),Implementing Partner,Southeast Sulawesi,https://www.reddprojectsdatabase.org/partner/2177-ribang-gayo-musara-rgm/,
VCS3012,Agroforestry and Reforestation for Carbon Sequestration in Indonesia,Kopepi Ketiara,Implementing Partner,Aceh,https://www.reddprojectsdatabase.org/partner/2177-ribang-gayo-musara-rgm/,
VCS3012,Agroforestry and Reforestation for Carbon Sequestration in Indonesia,Koperasi Kopi Gayo Organik (KKGO),Implementing Partner,Aceh,https://www.reddprojectsdatabase.org/partner/2177-ribang-gayo-musara-rgm/,
VCS3012,Agroforestry and Reforestation for Carbon Sequestration in Indonesia,Yayasan Gajah Sumatera Aceh,Implementing Partner,North Sumatra,https://www.reddprojectsdatabase.org/partner/2177-ribang-gayo-musara-rgm/,
VCS3012,Agroforestry and Reforestation for Carbon Sequestration in Indonesia,SERABBUT,Implementing Partner,Southeast Sulawesi,https://www.reddprojectsdatabase.org/partner/2177-ribang-gayo-musara-rgm/,
VCS3012,Agroforestry and Reforestation for Carbon Sequestration in Indonesia,K.S.U Mahara,Implementing Partner,Aceh,https://www.reddprojectsdatabase.org/partner/2177-ribang-gayo-musara-rgm/,
VCS3012,Agroforestry and Reforestation for Carbon Sequestration in Indonesia,Ribang Gayo Musara (RGM),Implementing Partner,Aceh,https://www.reddprojectsdatabase.org/partner/2177-ribang-gayo-musara-rgm/,
VCS2395,OKI REDD+ Project,PT. Tiara Asia Permai,Business Licensing; On-Site Supervision,Jakarta,https://companieshouse.id/tiara-asia-permai,
VCS2395,OKI REDD+ Project,Japan Asia Group Ltd.,Project Proponent,"Tokyo, Japan",https://www.weforum.org/organizations/japan-asia-group-limited/,
VCS2395,OKI REDD+ Project,"YL Forest Co.,Ltd.",Development and Supervision,"Fukuoka, Japan",https://ylforest.co.jp/en-top/en-information/,
VCS2395,OKI REDD+ Project,Kokusai Kogyo,Technical Advisor,"Tokyo, Japan",https://www.kkc.co.jp/english/,
VCS1778,Lahendong Unit 5 & Unit 6 Geothermal project,PT Pertamina Geothermal Energy,Project Proponent,Jakarta,https://www.pge.pertamina.com/en/our-business ,
VCS1778,Lahendong Unit 5 & Unit 6 Geothermal project,PT Agrinergy Indonesia,Project Proponent,Jakarta/Singapore/UK,http://www.agrinergy.com/ ,
GS1295,KIPRAH Community-Based Integrated Waste Management Project (Indonesia),BORDA (Bremen Overseas Research and Development Association) Indonesia,Project Proponent,Yogyakarta,https://cdm.unfccc.int/UserManagement/FileStorage/3CEHJR07WGKNQY84MOVBPFTX2DZ6I5,
GS1296,KIPRAH Community-Based Integrated Waste Management Project (Indonesia),BEST (Tangerang and Surabya): Bina Ekonomi Sosial Terpadu (Institute for integrated economic and social development),Project Proponent,Tangerang,https://cdm.unfccc.int/UserManagement/FileStorage/3CEHJR07WGKNQY84MOVBPFTX2DZ6I6,
GS1297,KIPRAH Community-Based Integrated Waste Management Project (Indonesia),"LPTP Lembaga PEMBANGUNAN Teknologi Perdesaan (Foundation for the development of
rural tecnologies) ",Project Proponent,Yogayakarta,https://cdm.unfccc.int/UserManagement/FileStorage/3CEHJR07WGKNQY84MOVBPFTX2DZ6I7,
GS1298,KIPRAH Community-Based Integrated Waste Management Project (Indonesia),BALIFOKUS,Project Proponent,Bali,https://cdm.unfccc.int/UserManagement/FileStorage/3CEHJR07WGKNQY84MOVBPFTX2DZ6I8,
GS1299,KIPRAH Community-Based Integrated Waste Management Project (Indonesia),atmosfair gGmbH,Project Proponent,Berlin,https://cdm.unfccc.int/UserManagement/FileStorage/3CEHJR07WGKNQY84MOVBPFTX2DZ6I9,
GS942,"METHANE RECOVERY AND UTILIZATION AT PT. MUSIM MAS PALM OIL MILL IN PANGKALAN LESUNG, RIAU INDONESIA",PT Musim Mas,Project Proponent,Medan,https://cdm.unfccc.int/UserManagement/FileStorage/XF8CZ04RIDNJPK2GWH169O7BQVYETL,
GS942,"METHANE RECOVERY AND UTILIZATION AT PT. MUSIM MAS PALM OIL MILL IN PANGKALAN LESUNG, RIAU INDONESIA",Ministry of Climate and Energy Danish Energy Agency ,Project Proponent,Denmark ,https://cdm.unfccc.int/UserManagement/FileStorage/XF8CZ04RIDNJPK2GWH169O7BQVYETL,
GS11719,BRINE HEAT RECOVERY BINARY POWER PLANT,Star Energy Geothermal Salak Ltd,Project Proponent,Jakarta,https://www.starenergygeothermal.co.id/salak/,
GS23412,RVPA-1 METHANE REDUCTION BY ALTERNATE WETTING AND DRYING (AWD) IN INDONESIA,PT Rize Farm Indonesia,Implementing Partner,Jakarta,https://www.rize.farm/contact,
GS23412,RVPA-1 METHANE REDUCTION BY ALTERNATE WETTING AND DRYING (AWD) IN INDONESIA,Rize PTE LTD Singapore,Project Proponent,Singapore,https://www.rize.farm/contact,
GS23332,GS23331 – VPA 1 – SUSTAINABLE ELECTRIC MOTORBIKE PROJECT BY ESB AND ECOSECURITIES,EcoSecurities Group Limited,Project Proponent,"Switzerland, Geneva",https://ecosecurities.com/about/,
GS23333,GS23331 – VPA 1 – SUSTAINABLE ELECTRIC MOTORBIKE PROJECT BY ESB AND ECOSECURITIES,PT Energi Selalu Baru (ESB),Implementing Partner,Jakarta,https://www.nfcindonesia.id/copy-of-esb,
GS13164,ECOLOGICAL LANDSCAPE RESILIENCE IN SUMATRA´S HIGHLANDS,Livelihoods Carbon Fund SICAV-RAIF,Project Proponent,Luxemburg,https://innpact.com/references/lcf3-livelihoods-carbon-fund/,
GS13164,ECOLOGICAL LANDSCAPE RESILIENCE IN SUMATRA´S HIGHLANDS,Livelihoods Venture ,Project Proponent,Paris,https://livelihoods.eu/press-release-livelihoods-venture-announces-the-appointment-of-its-ceo/,
GS23214,GS23213 VPA-1 IBU BAKAU: COMMUNITY-POWERED MANGROVE AFFORESTATION IN INDONESIA 1,Value Network Ventures Pte Ltd,Project Proponent,Singapore,https://vnv.earth/contactus/,
GS23214,GS23213 VPA-1 IBU BAKAU: COMMUNITY-POWERED MANGROVE AFFORESTATION IN INDONESIA 1,PT VNV Hutan Indonesia (under incorporation) ,Project Proponent,,https://companieshouse.id/vnv-hutan-indonesia,
GS23215,GS23213 VPA-2 IBU BAKAU: COMMUNITY-POWERED MANGROVE AFFORESTATION IN INDONESIA 2,Value Network Ventures Pte Ltd,Project Proponent,Singapore,https://vnv.earth/contactus/,
GS23215,GS23213 VPA-2 IBU BAKAU: COMMUNITY-POWERED MANGROVE AFFORESTATION IN INDONESIA 2,PT VNV Hutan Indonesia (under incorporation) ,Project Proponent,North Jakarta,https://companieshouse.id/vnv-hutan-indonesia,
GS23180,GLOBAL MANGROVE TRUST BLUE CARBON RESTORATION PROJECT IN INDONESIA - SUMATRA 1,Global Mangrove Trust,Project Proponent,Singapore,https://globalmangrove.org,
GS23181,GLOBAL MANGROVE TRUST BLUE CARBON RESTORATION PROJECT IN INDONESIA - SUMATRA 2,Yayasan Gajah Sumatera (YAGASU) ,Project Proponent,Medan,https://yagasu.or.id/about-2/,
GS12112,LIKI PINANGAWAN MUARALABOH GEOTHERMAL POWER PLANT,PT. Supreme Energy Muara Laboh,Project Proponent,West Sumatra,https://www.supreme-energy.com/en/assets/pt-supreme-energy-muara-laboh,
GS12113,LIKI PINANGAWAN MUARALABOH GEOTHERMAL POWER PLANT,Electrabel NV/SA,Project Proponent,Netherlands,https://nl.wikipedia.org/wiki/Engie_Electrabel,
GS7561 ,Gianyar Waste Recovery Project,Yayasan Pemilahan Sampah Temesi,Project Proponent,Bali,https://temesirecycling.com,
GS7561 ,Gianyar Waste Recovery Project,Yayasan Bumi Sasmaya,Supporter,Bali,https://bumisasmaya.org/about-us/,
GS7553 ,42 MWp Bundled Solar Photovoltaic Power project in Indonesia,Kosher Climate India Pvt. Ltd.,Project Proponent,India,https://kosherclimate.com/about/,
GS7554,42 MWp Bundled Solar Photovoltaic Power project in Indonesia,PT Infrastruktur Terbarukan Adhiguna,Implementing Partner,South Jakarta,https://climatetrade.s3.amazonaws.com/media/projects/documentation/validation/4f495327-5b8b-431a-a949-ef4a0301a49a_EgT7LR0.pdf,
GS7555,42 MWp Bundled Solar Photovoltaic Power project in Indonesia,PT Infrastruktur Terbarukan Buana,Implementing Partner,South Jakarta,https://climatetrade.s3.amazonaws.com/media/projects/documentation/validation/4f495327-5b8b-431a-a949-ef4a0301a49a_EgT7LR0.pdf,
GS7556,42 MWp Bundled Solar Photovoltaic Power project in Indonesia,PT Infrastruktur Terbarukan Cemerlang,Implementing Partner,South  Jakarta,https://climatetrade.s3.amazonaws.com/media/projects/documentation/validation/4f495327-5b8b-431a-a949-ef4a0301a49a_EgT7LR0.pdf,
GS7557,42 MWp Bundled Solar Photovoltaic Power project in Indonesia,PT Infrastruktur Terbarukan Lestari,Implementing Partner,South Jakarta,https://climatetrade.s3.amazonaws.com/media/projects/documentation/validation/4f495327-5b8b-431a-a949-ef4a0301a49a_EgT7LR0.pdf,
GS7164,72 MW Wind power project in the South Sulawesi Province of Indonesia,Kosher Climate India Pvt. Ltd.,Project Proponent,India,https://kosherclimate.com/about/,
GS7164,72 MW Wind power project in the South Sulawesi Province of Indonesia,PT Energi Bayu Jeneponto ,Project Proponent,South Sulawesi ,https://www.adb.org/sites/default/files/project-documents/51209/51209-001-esmr-en_3.pdf,
GS5303,"INDONESIA DOMESTIC BIOGAS PROGRAMME OF ACTIVITIES (IDBP) (ID 1172), VPA-2",PT. Biru Karbon Nusantara,Project Proponent,Jakarta,https://birukarbon.id,
GS5303,"INDONESIA DOMESTIC BIOGAS PROGRAMME OF ACTIVITIES (IDBP) (ID 1172), VPA-2",Yayasan Rumah Energi (YRE),Project Proponent,Jakarta Selatane,https://www.rumahenergi.org/en/about,
GS1174,"Indonesia Domestic Biogas Programme of Activities (IDBP) , VPA-1",HIVOS Humanist Institute for Co-operation with Developing Countries,Project Proponent,Den Haag,https://hivos.nl,
GS1174,"Indonesia Domestic Biogas Programme of Activities (IDBP) , VPA-1",Yayasan Rumah Energy (YRE),Project Proponent,Jakarta Selatane,https://www.rumahenergi.org/en/about,
GS4813,SIDRAP WIND FARM PROJECT PHASE 1,PT UPC Sidrap Bayu Energi,Project Proponent,South Sulawesi ,https://www.baritorenewables.co.id/en/press-release/barito-renewables-completes-acquisition-of-sidrap-wind-farm--valued-at-us-1022-million-with-funding-support-from-bni,
GS4290,NAZAVA WATER FILTER PROJECT,PT Holland For Water (Navaza),Project Proponent,Indonesia,https://global.nazava.com,
GS2298,Project Lumut Balai Unit 1 - 2 PT. Pertamina Geothermal Energy,South Pole Carbon Asset Management Ltd ,Project Proponent,Switzerland,https://www.southpole.com/about-us/south-pole-offices,
GS2298,Project Lumut Balai Unit 1 - 2 PT. Pertamina Geothermal Energy,Perusahaan Listrik Negara (PT. PLN (Persero) ,Implementing Partner,,,
GS2298,Project Lumut Balai Unit 1 - 2 PT. Pertamina Geothermal Energy,PT. Pertamina Geothermal Energy,Project Proponent,Jakarta,https://www.pge.pertamina.com/id,
GS2299,Project Lumut Balai Unit 3 – 4 PT. Pertamina Geothermal Energy ,South Pole Carbon Asset Management Ltd ,Project Proponent,Switzerland,https://www.southpole.com/about-us/south-pole-offices,
GS2299,Project Lumut Balai Unit 3 – 4 PT. Pertamina Geothermal Energy ,Perusahaan Listrik Negara (PT. PLN (Persero) ,Implementing Partner,,,
GS2299,Project Lumut Balai Unit 3 – 4 PT. Pertamina Geothermal Energy ,PT. Pertamina Geothermal Energy,Project Proponent,Jakarta,https://www.pge.pertamina.com/id,
GS2419,PROJECT KARAHA UNIT 1 PT. PERTAMINA GEOTHERMAL ENERGY,South Pole Carbon Asset Management Ltd ,Project Proponent,Switzerland,https://www.southpole.com/about-us/south-pole-offices,
GS2419,PROJECT KARAHA UNIT 1 PT. PERTAMINA GEOTHERMAL ENERGY,PT. Pertamina Geothermal Energy,Project Proponent,Jakarta,https://www.pge.pertamina.com/id,
GS2418,Project Kamojang unit 5 PT. Pertamina Geothermal Energy,South Pole Carbon Asset Management Ltd ,Project Proponent,Switzerland,https://www.southpole.com/about-us/south-pole-offices,
GS2418,Project Kamojang unit 5 PT. Pertamina Geothermal Energy,PT. Pertamina Geothermal Energy,Project Proponent,Jakarta,https://www.pge.pertamina.com/id,
GS822,"GS790_SUSTAINABLE SMALL HYDROPOWER POA - 1.1 MW MANGGANI MINI HYDROELECTRIC PROJECT, WEST SUMATERA, INDONESIA (300469)",PT. Pelita Prima Nusantar ,Project Proponent,Jakarta Selatan ,https://technik.id,
GS822,"GS790_SUSTAINABLE SMALL HYDROPOWER POA - 1.1 MW MANGGANI MINI HYDROELECTRIC PROJECT, WEST SUMATERA, INDONESIA (300469)",South Pole Carbon Asset Management Ltd ,Project Proponent,Switzerland,https://www.southpole.com/about-us/south-pole-offices,
GS794,GS790_Sustainable Small Hydropower Programme of Activities (PoA) - CPA Manggani Hydroelectric Project Pre-CDM VER,South Pole Carbon Asset Management Ltd ,Project Proponent,Switzerland,https://www.southpole.com/about-us/south-pole-offices,
GS794,GS790_Sustainable Small Hydropower Programme of Activities (PoA) - CPA Manggani Hydroelectric Project Pre-CDM VER,PT. Hydro Program International,Project Proponent,Jakarta,https://cdm.unfccc.int/ProgrammeOfActivities/poa_db/6XP9WZ3HVMJTD0NAOLI8K42FG7QYCS/view,
GS423,Salido Kecil Mini Hydropower Plant,PT. Anggrek Mekar Sari,Implementing Partner,Jakarta,,
GS423,Salido Kecil Mini Hydropower Plant,myclimate – The Climate Protection Partnership,Project Proponent,Switzerland,https://www.myclimate.org/en/get-active/climate-protection-projects/,
GS1374,Recyling Used Cooking Oil into Biodiesel in Bali,Yayasan Lengis Hijau,Implementing Partner,Bali,https://assurance-platform.goldstandard.org/project-documents/GS1374,
GS1374,Recyling Used Cooking Oil into Biodiesel in Bali,myclimate – The Climate Protection Partnership,Project Proponent,Switzerland,https://www.myclimate.org/en/get-active/climate-protection-projects/,
GS1374,Recyling Used Cooking Oil into Biodiesel in Bali,Caritas Switzerland,Project Proponent,Switzerland,https://assurance-platform.goldstandard.org/project-documents/GS1374,
GS1374,Recyling Used Cooking Oil into Biodiesel in Bali,Kuoni Travel Holding Limited,Offsetter,Switzerland,https://assurance-platform.goldstandard.org/project-documents/GS1374,
GS2297 ,Project Ulubelu Unit 3 - 4 PT. Pertamina Geothermal Energy,South Pole Carbon Asset Management Ltd ,Project Proponent,Switzerland,https://www.southpole.com/about-us/south-pole-offices,
GS2297 ,Project Ulubelu Unit 3 - 4 PT. Pertamina Geothermal Energy,PT. Pertamina Geothermal Energy,Project Proponent,Jakarta,https://www.pge.pertamina.com/id,
VCS967,Bantargebang Landfill Gas Management & Power Generation,PT Navigat Organic Energy Indonesia,Project Proponent,"Jakarta, Indonesia",https://maxpowergroup.com/contact-us/,
VCS967,Bantargebang Landfill Gas Management & Power Generation,PT Zeus Innavitas,Advisory management entity + host country project participant,"Jakarta, Indonesia",XXX,
VCS5524,Central Seram IFM restorationwise Project,"Asia Assets Developments Co., Ltd.",Project Proponent,Taiwan,https://www.asiaassetsdev.com/,
VCS5524,Central Seram IFM restorationwise Project,"W Investment Co., Ltd.",Project Proponent,Taiwan,XXX,
VCS5524,Central Seram IFM restorationwise Project,PT Bintang Lima Makmur,Project Proponent,"Jakarta, Indonesia",XXX,
VCS5524,Central Seram IFM restorationwise Project,PT Green Ekonomi Sejahtera,Project Proponent,"Jakarta, Indonesia",XXX,
VCS5834,Delta Kapuas Project,PT Belantara Sejahtera Mandiri,Project proponent,"Jakarta, Indonesia",https://www.tap-agri.com/,
VCS5834,Delta Kapuas Project,Perkumpulan SAMPAN Kalimantan,Facilitator,"West Kalimantan, Indonesia",https://sampankalimantan.id/,
VCS5834,Delta Kapuas Project,PT Wanantara Alesha Sadhana (PT WAS),Project development consultant and carbon accounting,???,XXX,
VCS5834,Delta Kapuas Project,LPHD Kampung Baru,Project Proponent,Indonesia,XXX,
VCS5834,Delta Kapuas Project,LPHD Kampung Baru Head,Project Proponent,Indonesia,XXX,
VCS5834,Delta Kapuas Project,LPHD Ambawang,Project Proponent,Indonesia,XXX,
VCS5834,Delta Kapuas Project,LPHD Sungai Bemban,Project Proponent,Indonesia,XXX,
VCS5834,Delta Kapuas Project,LPHD Setuat Dua,Project Proponent,Indonesia,XXX,
VCS5834,Delta Kapuas Project,LPHD Mengkalang,Project Proponent,Indonesia,XXX,
VCS5834,Delta Kapuas Project,LPHD Dabong,Project Proponent,Indonesia,XXX,
VCS5834,Delta Kapuas Project,LPHD Kubu,Project Proponent,Indonesia,XXX,
VCS5834,Delta Kapuas Project,LPHD Betuah,Project Proponent,Indonesia,XXX,
VCS5834,Delta Kapuas Project,LPHD Tanjung Beringin,Project Proponent,Indonesia,XXX,
VCS5834,Delta Kapuas Project,LPHD Teluk Bakung,Project Proponent,Indonesia,XXX,
VCS5834,Delta Kapuas Project,LPHD Medan Mas,Project Proponent,Indonesia,XXX,
VCS5834,Delta Kapuas Project,LPHD Teluk Nibung,Project Proponent,Indonesia,XXX,
VCS5834,Delta Kapuas Project,LPHD Nipah Panjang,Project Proponent,Indonesia,XXX,
VCS5834,Delta Kapuas Project,LPHD Tasik Malaya,Project Proponent,Indonesia,XXX,
VCS5834,Delta Kapuas Project,LPHD Sungai Besar,Project Proponent,Indonesia,XXX,
VCS5834,Delta Kapuas Project,LPHD Ambarawa,Project Proponent,Indonesia,XXX,
VCS5834,Delta Kapuas Project,LPHD Sungai Jawi,Project Proponent,Indonesia,XXX,
VCS5834,Delta Kapuas Project,LPHD Padang Tikar Satu,Project Proponent,Indonesia,XXX,
VCS5834,Delta Kapuas Project,LPHD Batu Ampar,Project Proponent,Indonesia,XXX,
VCS5834,Delta Kapuas Project,LPHD Tanjung Harapan,Project Proponent,Indonesia,XXX,
VCS5834,Delta Kapuas Project,LPHD Dusun Kecil,Project Proponent,Indonesia,XXX,
VCS5834,Delta Kapuas Project,LPHD Dusun Besar,Project Proponent,Indonesia,XXX,
VCS5834,Delta Kapuas Project,LPHD Satai Lestari,Project Proponent,Indonesia,XXX,
VCS5834,Delta Kapuas Project,LPHD Tanjung Satai,Project Proponent,Indonesia,XXX,
VCS5834,Delta Kapuas Project,LPHD Kemboja,Project Proponent,Indonesia,XXX,
VCS5631,Enviro Rise,PT Rimbun Seruyan,Project Proponent,"Jakarta, Indonesia",XXX,
VCS5631,Enviro Rise,Neusa Global Pte Ltd,Technical and operational support,Singapore,https://www.credencedata.com/company-profile/sgp/neusa-global-pte-ltd-27ef2708,
VCS5891,Forest Landscape Restoration in North Sulawesi Province,Thryve.Earth PTE LTD,Project proponent,Singapore,https://www.thryve.earth/,
VCS5891,Forest Landscape Restoration in North Sulawesi Province,PT Thryve.Earth Indonesia,Local subsidiary,"Indonesia, Jakarta",https://www.thryve.earth/,
VCS5891,Forest Landscape Restoration in North Sulawesi Province,Masarang Foundation,"Implementation partner, conservation NGO","Indonesia, North Sulawesi",https://masarang.eu/,
VCS5799,Gerbang Barito REDD+ Project,Lembaga Pengelola Hutan Desa (LPHD) Batampang,Project proponent,Central Kalimantan,XXX,
VCS5799,Gerbang Barito REDD+ Project,Lembaga Pengelola Hutan Desa (LPHD) Batilap,Project proponent,Central Kalimantan,XXX,
VCS5799,Gerbang Barito REDD+ Project,Wildlife Works,Project developer,USA,https://www.wildlifeworks.com/,
VCS5873,Gunung Lumut Landscape Project,PT Telaga Mas Kalimantan (PT TMK),Project proponent,"Indonesia, Jakarta",XXX,
VCS5873,Gunung Lumut Landscape Project,PT Indika Multi Properti (PT IMP),Holding company of PT TMK + guarantor for the funding of the project,"Indonesia, Jakarta",XXX,
VCS5873,Gunung Lumut Landscape Project,PT Wanantara Alesha Sadhana (PT WAS),Expert in the field of carbon accounting and biodiversity of the project,"Indonesia, Kota Bogor",XXX,
VCS5736,Kapuas Pisau Conservation Project,PT Indo Hutan Ekosistem,Project Proponent,"Jakarta, Indonesia",XXX,
VCS5736,Kapuas Pisau Conservation Project,PT Ramang Agro Lestari,Operational Director,"Jakarta, Indonesia",XXX,
VCS5736,Kapuas Pisau Conservation Project,Canopy Carbon PTE LTD,Technical Partner,Singapore,https://www.canopycarbon.org/,
VCS1477,Katingan Peatland Restoration and Conservation Project,PT. Rimba Makmur Utama,Project proponent,Indonesia,https://www.weforum.org/organizations/rimba-makmur-utama/,
VCS5475,KUBURAYA MANGROVE: CONCESSION TO CONSERVATION PROJECT,Nusantara Climate Initiative Indonesia,Project proponent,"Jakarta, Indonesia",https://nusantaraclimate.co.id/,
VCS5475,KUBURAYA MANGROVE: CONCESSION TO CONSERVATION PROJECT,PT Kandelia Alam,Project proponent,"Kalimantan, Indonesia",XXX,
VCS5475,KUBURAYA MANGROVE: CONCESSION TO CONSERVATION PROJECT,Agraus Resources,Equity investor to the project implementation,"Jakarta, Indonesia",https://agrausresources.com/,
VCS5032,Kupu-Kupu Project - Enhancing Livelihoods through Mangrove Restoration and Silvofishery in South Sulawesi,Vlinder Austria GmbH(Proponent),Project proponent,Austria,https://vlinderclimate.com/,
VCS5032,Kupu-Kupu Project - Enhancing Livelihoods through Mangrove Restoration and Silvofishery in South Sulawesi,Manggala Karbon Indonesia,"Administration, project monitoring, community projects development","Jakarta, Indonesia",https://vlinderclimate.com/kupu-kupu,
VCS1493,"Mangrove restoration and coastal greenbelt protection in the East coast of Aceh and North Sumatra Province, Indonesia",Livelihoods Fund SICAV SUF,Project Proponent,"Paris, France",https://livelihoods.eu/,
VCS1493,"Mangrove restoration and coastal greenbelt protection in the East coast of Aceh and North Sumatra Province, Indonesia",Yagasu Aceh,Project Developer,Indonesia,https://yagasu.or.id/,
VCS1493,"Mangrove restoration and coastal greenbelt protection in the East coast of Aceh and North Sumatra Province, Indonesia",UNIQUE forestry and land use GmbH,Carbon consultant,"Madrid, Spain",https://www.unique-landuse.de/en/,
VCS409,MedcoEnergi Associated Gas Recovery and Utilization Project,PT. Medco LPG Kaji (MLK),Project Proponent,?,https://www.medcoenergi.com/,
VCS4520,Muara Teweh Conservation Project,Fairatmos International Pte. Ltd.,Project Proponent,Singapore,https://www.fairatmos.com/,
VCS4520,Muara Teweh Conservation Project,PT Austral Byna,Asset owner and operator,"Jakarta, Indonesia",XXX,
VCS5845,Nunukan Mangrove and Peatland,Bumi Hijau Konservasi,Project proponent,"Indonesia, Jakarta",https://companieshouse.id/bumi-hijau-konservasi-1219022,
VCS5845,Nunukan Mangrove and Peatland,PT Udara Untuk Semua - FAIRATMOS,Project developer,"Indonesia, Jakarta",https://www.fairatmos.com/,
VCS4967,PLUM Peat and Mangrove Conservation and Restoration Project (PLUM Project),PT Pagatan Usaha Makmur ,Project Proponent,"Jakarta, Indonesia",https://plumproject.id/,
VCS4967,PLUM Peat and Mangrove Conservation and Restoration Project (PLUM Project),PT Gaia Eko Daya Buana,Technical support on carbon calculations and PD development,"Jakarta, Indonesia",https://gaia.id/our-history/,
VCS4967,PLUM Peat and Mangrove Conservation and Restoration Project (PLUM Project),PT Terrathrive Bakti Indonesia,Technical lead for MRV,"Jakarta, Indonesia",https://plumproject.id/,
VCS4967,PLUM Peat and Mangrove Conservation and Restoration Project (PLUM Project),Syngenera Pte. Ltd,Project development and management support,Singapore,https://www.syngenera.com/,
VCS5585,Project Lestari,PT. Agra Inti Investama,Project proponent,"Sumatera, Indonesia",https://www.agracorp.id/,
VCS5585,Project Lestari,Deloitte Advisory (Hong Kong) Limited,Advisory for project development,Hong Kong,https://www.deloitte.com/cn/en/offices/hongkong.html,
VCS2403,Riau Ecosystem Restoration Carbon Project,ASIA PACIFIC RESOURCES INTERNATIONAL LTD (APRIL),Project proponent,?,https://www.aprilasia.com/en/,
VCS2403,Riau Ecosystem Restoration Carbon Project,Riau ecosystem restoration,Project proponent,?,https://www.rekoforest.org/,
VCS2403,Riau Ecosystem Restoration Carbon Project,PT. GEMILANG CIPTA NUSANTARA,Project proponent,?,XXX,
VCS2403,Riau Ecosystem Restoration Carbon Project,PT. THE BEST ONE UNITIMBER,Project proponent,?,XXX,
VCS2403,Riau Ecosystem Restoration Carbon Project,PT. GLOBAL ALAM NUSANTARA,Project proponent,?,XXX,
VCS2403,Riau Ecosystem Restoration Carbon Project,PT. SINAR MUTIARA NUSANTARA,Project proponent,?,XXX,
VCS2403,Riau Ecosystem Restoration Carbon Project,Himpanzee Pte Ltd,Project Developer,?,https://www.himpanzee.com/,
VCS674,Rimba Raya Biodiversity Reserve Project,Forest Carbon (registered as Equator Group Pte Ltd),Project proponent,Singapore,https://forestcarbon.com/,
VCS674,Rimba Raya Biodiversity Reserve Project,InfiniteEARTH,Project proponent,?,XXX,
VCS674,Rimba Raya Biodiversity Reserve Project,Orangutan Foundation International,?,?,XXX,
VCS674,Rimba Raya Biodiversity Reserve Project,World Education,?,?,https://worlded.org/,
VCS5283,Seram Climate and Conservation (SERCOVA),PT Strata Pacific (proponent),Project Proponent,"Jakarta, Indonesia",https://www.linkedin.com/company/pt-strata-pacific,
VCS5283,Seram Climate and Conservation (SERCOVA),PT Gaia Eko Daya Buana,Consultant in Carbon project development,"Jakarta, Indonesia",https://gaia.id/our-history/,
VCS5695,Siluk Peatlands Conservation Project,PT. Annisa Surya Kencana,Project Proponent,Indonesia,https://www.linkedin.com/company/pt-annisa-surya-kencana,
VCS5695,Siluk Peatlands Conservation Project,PT. Karbon Natura Indonesia,Technical advisor ,"Jakarta, Indonesia",https://www.linkedin.com/company/karbon-natura-indonesia/?originalSubdomain=id,
VCS4782,South Barito Kapuas Project,PT Nusantara Solusi Raya,Project Proponent,"Jakarta, Indonesia",https://www.alihdayansr.com/,
VCS4782,South Barito Kapuas Project,Yayasan Hamparan Eco Semesta,Overall Supervision and oversight,"Jakarta, Indonesia",https://www.linkedin.com/company/hes-foundation-yayasan-hamparan-eco-semesta/,
VCS4782,South Barito Kapuas Project,PT Hamparan Eco Semesta,Community development and engagement,"Jakarta, Indonesia",https://www.linkedin.com/company/hes-foundation-yayasan-hamparan-eco-semesta/,
VCS4782,South Barito Kapuas Project,Zero Carbon Forestry Management Pte Ltd,Investment manager and project consultant,Singapore,https://www.linkedin.com/company/zcf-investments/,
VCS4782,South Barito Kapuas Project,Ata Marie Group Ltd,"Forest Inventory Survey, Carbon Modelling and Project Document Preparation","Jakarta, Indonesia",https://www.ata-marie.com/,
VCS4782,South Barito Kapuas Project,PT Konsultan Karbon Lestari,SRN Consultant,"Jakarta, Indonesia",https://www.linkedin.com/company/konsultan-karbon-lestari/?originalSubdomain=id,
VCS1899,Sumatra Merang Peatland Project (SMPP),PT Global Alam Lestari,Project proponent,"Riau, Indonesia",https://globalalamlestari.wordpress.com/,
VCS1899,Sumatra Merang Peatland Project (SMPP),Forest Carbon (registered as Equator Group Pte Ltd),Project proponent,Singapore,https://forestcarbon.com/,
VCS1899,Sumatra Merang Peatland Project (SMPP),Althelia Climate Fund,Technical partner,London,https://www.eib.org/en/projects/all/20100720,
VCS1899,Sumatra Merang Peatland Project (SMPP),Ecosphere+,Technical partner,London,https://www.weforum.org/organizations/ecosphere/,
VCS3591,The Mayas Project,PT. Karbon Natura Indonesia,Technical assistance,"Jakarta, Indonesia",https://www.linkedin.com/company/karbon-natura-indonesia/?originalSubdomain=id,
VCS3591,The Mayas Project,PT Mohairson Pawan Khatulistiwa,Project proponent,Indonesia,https://ptmpk.com/id-ds/public/,
VCS3591,The Mayas Project,Yayasan Inisiasi Alam Rehabilitasi Indonesia (YIARI),"YIARI is a non-profit foundation with expertise in wildlife protection, biodiversity conservation and implementing sustainable community-led conservation strategies in the same region as the Mayas Project. In 2009 YIARI established the first rescue centre for orangutans in Ketapang, West Borneo. For more than ten years, YIARI has been working alongside communities and other local actors to raise awareness of the importance of natural ecosystems and for the preservation of natural ecosystems, particularly forest and swamp forest ecosystems home to orangutan and other endangered and critically endangered wildlife. YIARI will provide services to the Mayas Project including; community development and consultation, and communities facilitation for forest protection, and biodiversity conservation consultancy",Indonesia,https://yiari.or.id/,
VCS5520,The Pekanbaru Suntara Peatland Project,PT. Suntara Gajapati,Project Proponent,"Riau, Indonesia",https://sustainability-dashboard.com/-/pt.-suntara-gajapati,
VCS5520,The Pekanbaru Suntara Peatland Project,"Indacom PTE, LTD.",Project Proponent,Singapore,https://www.linkedin.com/company/indacom/?originalSubdomain=sg,
VCS5520,The Pekanbaru Suntara Peatland Project,180 Climate PTE.Ltd,Project coordinator and community management,Singapore,https://www.180climate.net/,
VCS4381,WEST SERAM REDD+ and AGARWOOD ForestWise PROJECT,"Asia Assets Developments Co., Ltd.",Project Proponent,Taiwan,https://www.asiaassetsdev.com/,
VCS4381,WEST SERAM REDD+ and AGARWOOD ForestWise PROJECT,"Forward Intelligence Energy Co., Ltd.",Project proponent,Taiwan,http://forward-intelligence.com/,
VCS4381,WEST SERAM REDD+ and AGARWOOD ForestWise PROJECT,PT Asia Pasifik Asset Percayaan,Project proponent,"Jakarta, Indonesia",https://trustindonesia.co.id/,
VCS4381,WEST SERAM REDD+ and AGARWOOD ForestWise PROJECT,Sinetics Accreditation International Taiwan Ltd.,Technical advisor,Taiwan,https://www.sinetics.com.tw/,
VCS688,Wayang Windu Phase 2 Geothermal Power Project,Star Energy Geothermal (Wayang Windu) Limited,Project Proponent,Indonesia,https://www.starenergygeothermal.co.id/,
VCS486,"50 MW Sipansihaporas Hydro Power Plant, North Sumatra",PT. PLN (Persero),Project proponent,Indonesia,State company,
VCS486,"50 MW Sipansihaporas Hydro Power Plant, North Sumatra",South Pole Carbon Asset Management Ltd ,Carbon credit buyer,Switzerland,https://www.southpole.com/,
VCS488,"82 MW Lau Renun Hydro Power Plant, North Sumatra",PT. PLN (Persero),Project proponent,Indonesia,State company,
VCS488,"82 MW Lau Renun Hydro Power Plant, North Sumatra",South Pole Carbon Asset Management Ltd ,Carbon credit buyer,Switzerland,https://www.southpole.com/,
VCS487,"210 MW Musi Hydro Power Plant, Bengkulu",PT. PLN (Persero),Project proponent,Indonesia,State company,
VCS487,"210 MW Musi Hydro Power Plant, Bengkulu",South Pole Carbon Asset Management Ltd ,Carbon credit buyer + developer,Switzerland,https://www.southpole.com/,Developing the project + buying its credits?
VCS144,"Capacity Upgrade of Gunung Salak Geothermal Power Plant Project, Indonesia",PT Indonesia Power,Project proponent,Indonesia,State company (a part of PLN),
VCS144,"Capacity Upgrade of Gunung Salak Geothermal Power Plant Project, Indonesia",South Pole Carbon Asset Management Ltd ,carbon credit buyer,Switzerland,https://www.southpole.com/,
VCS1498,Preserving Peat Swamp Forest Ecosystem Through Redd+ Activity In Kampar Peninsula Riau-Indonesia,"KPHP Tasik Besar Serkap, Riau Province-Indonesia",Project Proponent,Indonesia,??,
