"GS2297, GS2298, GS2299, GS2418, GS2419, GS794, GS822, VCS144, VCS486, VCS487, VCS488",,South Pole Carbon Asset Management Ltd ,Nadia Kaddouri,Chief Executive Officer,https://www.southpole.com/about-us/our-leadership-team,Global Leadership Team,,direct_website,
"GS2297, GS2298, GS2299, GS2418, GS2419, GS794, GS822, VCS144, VCS486, VCS487, VCS488",,South Pole Carbon Asset Management Ltd ,Aaron Barasz,Chief Financial Officer and Chief Operations Officer,https://www.southpole.com/about-us/our-leadership-team,Global Leadership Team,,direct_website,
"GS2297, GS2298, GS2299, GS2418, GS2419, GS794, GS822, VCS144, VCS486, VCS487, VCS488",,South Pole Carbon Asset Management Ltd ,Leila Toplic,Chief Product and Go-to-Market Officer,https://www.southpole.com/about-us/our-leadership-team,Global Leadership Team,,direct_website,
"GS2297, GS2298, GS2299, GS2418, GS2419, GS794, GS822, VCS144, VCS486, VCS487, VCS488",,South Pole Carbon Asset Management Ltd ,Dara Olufon,Global Head of Advisory,https://www.southpole.com/about-us/our-leadership-team,Global Leadership Team,,direct_website,
"GS2297, GS2298, GS2299, GS2418, GS2419, GS794, GS822, VCS144, VCS486, VCS487, VCS488",,South Pole Carbon Asset Management Ltd ,Ab Kasmi,Chief Commercial Officer,https://www.southpole.com/about-us/our-leadership-team,Global Leadership Team,,direct_website,
"GS2297, GS2298, GS2299, GS2418, GS2419, GS794, GS822, VCS144, VCS486, VCS487, VCS488",,South Pole Carbon Asset Management Ltd ,Sofia Chernova,Chief People Officer,https://www.southpole.com/about-us/our-leadership-team,Global Leadership Team,,direct_website,
"GS2297, GS2298, GS2299, GS2418, GS2419, GS794, GS822, VCS144, VCS486, VCS487, VCS488",,South Pole Carbon Asset Management Ltd ,Leila Kamdem,Chief Risk Officer,https://www.southpole.com/about-us/our-leadership-team,Global Leadership Team,,direct_website,
"GS2297, GS2298, GS2299, GS2418, GS2419, GS794, GS822, VCS144, VCS486, VCS487, VCS488",,South Pole Carbon Asset Management Ltd ,Kushal Bhimjiani,"Group General Counsel, Chief Compliance Officer and Corporate Secretary",https://www.southpole.com/about-us/our-leadership-team,Global Leadership Team,,direct_website,
"GS2297, GS2298, GS2299, GS2418, GS2419, GS794, GS822, VCS144, VCS486, VCS487, VCS488",,South Pole Carbon Asset Management Ltd ,Inga Beale,"Chair, South Pole",https://www.southpole.com/about-us/our-leadership-team,"Board of Directors; page lists her as ""Dame Inga Beale""",,direct_website,
"GS2297, GS2298, GS2299, GS2418, GS2419, GS794, GS822, VCS144, VCS486, VCS487, VCS488",,South Pole Carbon Asset Management Ltd ,Matthias Tröndle,Director,https://www.southpole.com/about-us/our-leadership-team,Board of Directors; primary role is Vice President and CFO INFICON Holding AG,,direct_website,
"GS2297, GS2298, GS2299, GS2418, GS2419, GS794, GS822, VCS144, VCS486, VCS487, VCS488",,South Pole Carbon Asset Management Ltd ,Anshari Rahman,Director,https://www.southpole.com/about-us/our-leadership-team,Board of Directors; primary role is Director Strategy and Development Group at GenZero (Temasek),,direct_website,
"GS2297, GS2298, GS2299, GS2418, GS2419, GS794, GS822, VCS144, VCS486, VCS487, VCS488",,South Pole Carbon Asset Management Ltd ,Kimberly Tan,Director,https://www.southpole.com/about-us/our-leadership-team,"Board of Directors; primary role is Head of Investments Managing Director, GenZero (Temasek)",,direct_website,
"GS2297, GS2298, GS2299, GS2418, GS2419, GS794, GS822, VCS144, VCS486, VCS487, VCS488",,South Pole Carbon Asset Management Ltd ,Nigel McCleave,Director,https://www.southpole.com/about-us/our-leadership-team,Board of Directors; primary role is Partner at Lightrock,,direct_website,
"GS2297, GS2298, GS2299, GS2418, GS2419, GS794, GS822, VCS144, VCS486, VCS487, VCS488",,South Pole Carbon Asset Management Ltd ,Christoph Grobbel,Co-Founder & Board Director,https://www.southpole.com/about-us/our-leadership-team,"Page lists him as ""Dr. Christoph Grobbel""",,direct_website,
"GS2297, GS2298, GS2299, GS2418, GS2419, GS794, GS822, VCS144, VCS486, VCS487, VCS488",,South Pole Carbon Asset Management Ltd ,Patrick Bürgi,Co-Founder / Managing Director Japan / Senior Advisor Innovation,https://www.southpole.com/about-us/our-leadership-team,,,direct_website,
"GS2297, GS2298, GS2299, GS2418, GS2419, GS794, GS822, VCS144, VCS486, VCS487, VCS488",,South Pole Carbon Asset Management Ltd ,Renat Heuberger,CEO (former),"PDDs VCS486 (2017), VCS487 (2018), VCS488 (2017)",From PDDs 2017-2018 — Renat Heuberger was the former CEO of South Pole; current CEO is Nadia Kaddouri (verified separately),,older_pdd,
"GS2297, GS2298, GS2299, GS2418, GS2419, GS794, GS822, VCS144, VCS486, VCS487, VCS488",,South Pole Carbon Asset Management Ltd,(no info found),,https://www.southpole.com/about-us/south-pole-offices,"Searched https://www.southpole.com/about-us/south-pole-offices — no leadership listed. Try news searches (Indonesian: Tempo, Kompas, Bisnis Indonesia; English: Reuters, Mongabay) or Indonesian business registry companieshouse.id.",,(none),
project_id,,company,person,position,source,notes,,trust_level,
VCS144,"Capacity Upgrade of Gunung Salak Geothermal Power Plant Project, Indonesia",PT Indonesia Power,Bernadus Sudarmanta,Direktur Utama (Acting / Plt President Director),https://www.plnindonesiapower.co.id/our-profile,Acting President Director as of June 2025 (replacing Edwin Nugraha Putra who moved to PT PLN Persero); concurrently Director of Business Development and Commerce,,direct_website,
VCS144,"Capacity Upgrade of Gunung Salak Geothermal Power Plant Project, Indonesia",PT Indonesia Power,Endang Astharanti,Direktur Pengembangan Bisnis dan Niaga (Director of Business Development and Commerce),https://www.plnindonesiapower.co.id/our-profile,,,direct_website,
VCS144,"Capacity Upgrade of Gunung Salak Geothermal Power Plant Project, Indonesia",PT Indonesia Power,Julita Indah,Direktur Manajemen Human Capital & Administrasi (Director HR & Administration),https://www.plnindonesiapower.co.id/our-profile,,,direct_website,
VCS144,"Capacity Upgrade of Gunung Salak Geothermal Power Plant Project, Indonesia",PT Indonesia Power,Ridho Hutomo,Direktur Keuangan dan Manajemen Risiko (Director Finance and Risk Management),https://www.plnindonesiapower.co.id/our-profile,,,direct_website,
VCS144,"Capacity Upgrade of Gunung Salak Geothermal Power Plant Project, Indonesia",PT Indonesia Power,Purnomo,Direktur Operasi Pembangkit Gas (Director Gas Generation Operations),https://www.plnindonesiapower.co.id/our-profile,,,direct_website,
VCS144,"Capacity Upgrade of Gunung Salak Geothermal Power Plant Project, Indonesia",PT Indonesia Power,M. Hanafi Nur Rifai,Direktur Operasi Pembangkit Batu Bara (Director Coal Generation Operations),https://www.plnindonesiapower.co.id/our-profile,,,direct_website,
VCS144,"Capacity Upgrade of Gunung Salak Geothermal Power Plant Project, Indonesia",PT Indonesia Power,Arief Budiman,President Commissioner concurrently Independent Commissioner,https://www.plnindonesiapower.co.id/our-profile,,,direct_website,
VCS144,"Capacity Upgrade of Gunung Salak Geothermal Power Plant Project, Indonesia",PT Indonesia Power,Iggi H. Achsien,Commissioner,https://www.plnindonesiapower.co.id/our-profile,,,direct_website,
VCS144,"Capacity Upgrade of Gunung Salak Geothermal Power Plant Project, Indonesia",PT Indonesia Power,Ardinanda Sinulingga,Komisaris (Commissioner),https://www.plnindonesiapower.co.id/our-profile,,,direct_website,
VCS144,"Capacity Upgrade of Gunung Salak Geothermal Power Plant Project, Indonesia",PT Indonesia Power,Anthony Leong,Komisaris Independen (Independent Commissioner),https://www.plnindonesiapower.co.id/our-profile,,,direct_website,
VCS144,"Capacity Upgrade of Gunung Salak Geothermal Power Plant Project, Indonesia",PT Indonesia Power,Bin Nahadi,Commissioner,https://www.plnindonesiapower.co.id/our-profile,,,direct_website,
VCS144,"Capacity Upgrade of Gunung Salak Geothermal Power Plant Project, Indonesia",PT Indonesia Power,Arrmanatha Christiawan Nasir,Komisaris (Commissioner),https://www.plnindonesiapower.co.id/our-profile,,,direct_website,
VCS144,"Capacity Upgrade of Gunung Salak Geothermal Power Plant Project, Indonesia",PT Indonesia Power,Eri Prabowo,Director of Operation I (as of 2017),Verra API doc: VCS144 PDD dated 2017 (Gunung Salak Geothermal),"Historical (2017) — current Indonesia Power BOD listed separately. Surname ""Prabowo"" is a common Indonesian given name; no known connection to President Prabowo Subianto confirmed",,older_pdd,
"VCS144, VCS486, VCS4967",,Syngenera Pte. Ltd,Aidan Prawira,Business Analyst (Hutan Synergy),https://www.hutansynergy.com/about/team,"Prior: South Pole — cross-links to South Pole-developed projects (VCS486-488, VCS144)",,direct_website,
"VCS144, VCS688",,Star Energy Geothermal (parent of Salak/Wayang Windu subsidiaries),Hendra Soetjipto Tan,Director – Chairman,https://www.starenergygeothermal.co.id/our-story/board-of-directors/,Group CEO of Star Energy Geothermal; Holds VCS144 (Gunung Salak) and VCS688 (Wayang Windu) via subsidiaries,,direct_website,
"VCS144, VCS688",,Star Energy Geothermal (parent of Salak/Wayang Windu subsidiaries),Rudy Suparman,Director,https://www.starenergygeothermal.co.id/our-story/board-of-directors/,Star Energy founder; previously President Director; Holds VCS144 (Gunung Salak) and VCS688 (Wayang Windu) via subsidiaries,,direct_website,
"VCS144, VCS688",,Star Energy Geothermal (parent of Salak/Wayang Windu subsidiaries),Agus Salim Pangestu,Director,https://www.starenergygeothermal.co.id/our-story/board-of-directors/,Pangestu family / Barito Pacific Group connection; Holds VCS144 (Gunung Salak) and VCS688 (Wayang Windu) via subsidiaries,,direct_website,
"VCS144, VCS688",,Star Energy Geothermal (parent of Salak/Wayang Windu subsidiaries),Tan Ek Kia,Director,https://www.starenergygeothermal.co.id/our-story/board-of-directors/,Holds VCS144 (Gunung Salak) and VCS688 (Wayang Windu) via subsidiaries,,direct_website,
"VCS144, VCS688",,Star Energy Geothermal (parent of Salak/Wayang Windu subsidiaries),Erwin Ciputra,Director,https://www.starenergygeothermal.co.id/our-story/board-of-directors/,Ciputra family connection; Holds VCS144 (Gunung Salak) and VCS688 (Wayang Windu) via subsidiaries,,direct_website,
"VCS144, VCS688",,Star Energy Geothermal (parent of Salak/Wayang Windu subsidiaries),Patrice Rene Clausse,Director,https://www.starenergygeothermal.co.id/our-story/board-of-directors/,Holds VCS144 (Gunung Salak) and VCS688 (Wayang Windu) via subsidiaries,,direct_website,
"VCS144, VCS688",,Star Energy Geothermal (parent of Salak/Wayang Windu subsidiaries),Shinichiro Suzuki,Director,https://www.starenergygeothermal.co.id/our-story/board-of-directors/,Holds VCS144 (Gunung Salak) and VCS688 (Wayang Windu) via subsidiaries,,direct_website,
"VCS144, VCS688",,Star Energy Geothermal (parent of Salak/Wayang Windu subsidiaries),Thawat Hirancharukorn,Director,https://www.starenergygeothermal.co.id/our-story/board-of-directors/,Holds VCS144 (Gunung Salak) and VCS688 (Wayang Windu) via subsidiaries,,direct_website,
"VCS144, VCS688",,Star Energy Geothermal (parent of Salak/Wayang Windu subsidiaries),Nancy Prajogo Pangestu Tabardel,Director,https://www.starenergygeothermal.co.id/our-story/board-of-directors/,Prajogo Pangestu family connection (Barito Pacific); Holds VCS144 (Gunung Salak) and VCS688 (Wayang Windu) via subsidiaries,,direct_website,
VCS1477,Katingan Peatland Restoration and Conservation Project,Permian Global (referenced in Katingan PDD; not in DATASET_companies.csv),Nick Brickle,Asia Director,PDD VCS1477 dated May 2016,"Permian Global is NOT in DATASET_companies.csv but heavily involved in Katingan as carbon advisor; page lists him as ""Dr. Nick Brickle""; from PDD 2016",,older_pdd,
VCS1477,Katingan Peatland Restoration and Conservation Project,Permian Global (referenced in Katingan PDD; not in DATASET_companies.csv),Juan Chang,Head of Technical Operations,Verra API doc: VCS1477 Monitoring Report dated 2025 (Katingan),From MR 2025; London-based; updates earlier Nick Brickle entry which was from 2016 PDD,,recent_pdd,
VCS1477,Katingan Peatland Restoration and Conservation Project,PT. Rimba Makmur Utama,Dharsono Hartono,Director / Chief Executive Officer,PDD VCS1477 dated May 2016 (Katingan Peatland Restoration and Conservation Project),From PDD 2016 — person may no longer hold this role; cross-checked: still listed as CEO in industry references,,older_pdd,
VCS1477,Katingan Peatland Restoration and Conservation Project,PT. Rimba Makmur Utama,Rezal Kusumaatmadja,Chief Operating Officer,PDD VCS1477 dated May 2016 (Katingan Peatland Restoration and Conservation Project),From PDD 2016 — person may no longer hold this role,,older_pdd,
VCS1477,Katingan Peatland Restoration and Conservation Project,Wetlands International (referenced in Katingan PDD; not in DATASET_companies.csv),I Nyoman Suryadiputra,"Director Indonesia Programme, Wetlands International","PDD VCS1477 dated May 2016 (Katingan PDD, partner organization)",Wetlands International is NOT in DATASET_companies.csv; included as PDD-derived partner; from PDD 2016,,older_pdd,
VCS1477,Katingan Peatland Restoration and Conservation Project,Yayasan Puter Indonesia (referenced in Katingan PDD; not in DATASET_companies.csv),Yekti Wahyuni,Executive Director,PDD VCS1477 dated May 2016,Yayasan Puter Indonesia is NOT in DATASET_companies.csv; from PDD 2016,,older_pdd,
VCS1493,"Mangrove restoration and coastal greenbelt protection in the East coast of Aceh and North Sumatra Province, Indonesia",Livelihoods Fund SICAV SUF,Stéphane Perrier,Contact (no title in PDD),PDD/Monitoring Report VCS1493 (Livelihoods Fund / Yagasu) 2019,"From PDD/MR 2019; page lists him as ""Mr. Stéphane Perrier""",,older_pdd,
VCS1493,"Mangrove restoration and coastal greenbelt protection in the East coast of Aceh and North Sumatra Province, Indonesia",Livelihoods Fund SICAV SUF,Stéphane Perrier,Director (signed VCS Issuance Representation),VCS Issuance Representation for VCS1493 (Livelihoods Fund / Yagasu Aceh),"Signing director per representation deed; updates earlier PDD-derived row to ""Director"" (signed deed) from ""Contact""",,other,
VCS1493,"Mangrove restoration and coastal greenbelt protection in the East coast of Aceh and North Sumatra Province, Indonesia",UNIQUE forestry and land use GmbH,Johannes Wölcke,Managing Director,https://www.unique-landuse.de/en/about-us/,PhD Agricultural Economics; 10 years at World Bank as Senior Economist; 2 years at GIZ as Program Manager,,direct_website,
VCS1493,"Mangrove restoration and coastal greenbelt protection in the East coast of Aceh and North Sumatra Province, Indonesia",UNIQUE forestry and land use GmbH,Timm Tennigkeit,Managing Director,https://www.unique-landuse.de/en/about-us/,PhD; Graduate Forestry Economist; expert in climate & land use investment,,direct_website,
VCS1493,"Mangrove restoration and coastal greenbelt protection in the East coast of Aceh and North Sumatra Province, Indonesia",UNIQUE forestry and land use GmbH,Till Pistorius,Head of Climate Department,https://www.unique-landuse.de/en/about-us/,PhD; internationally renowned expert in climate and biodiversity policy,,direct_website,
VCS1493,"Mangrove restoration and coastal greenbelt protection in the East coast of Aceh and North Sumatra Province, Indonesia",UNIQUE forestry and land use GmbH,Janne Antikainen,Head of Forestry Department,https://www.unique-landuse.de/en/about-us/,MSc Forest Resource and Environmental Economics,,direct_website,
VCS1493,"Mangrove restoration and coastal greenbelt protection in the East coast of Aceh and North Sumatra Province, Indonesia",UNIQUE forestry and land use GmbH,Thomas Asbeck,Forestry Department,https://www.unique-landuse.de/en/about-us/,PhD in Conservation and Forest Use,,direct_website,
VCS1493,"Mangrove restoration and coastal greenbelt protection in the East coast of Aceh and North Sumatra Province, Indonesia",UNIQUE forestry and land use GmbH,Signe Nelgen,Head of Agriculture and Rural Development,https://www.unique-landuse.de/en/about-us/,PhD Agricultural Economics,,direct_website,
VCS1493,"Mangrove restoration and coastal greenbelt protection in the East coast of Aceh and North Sumatra Province, Indonesia",UNIQUE forestry and land use GmbH,Johannes Mössinger,Head of Digital Solutions,https://www.unique-landuse.de/en/about-us/,"PhD, MSc Agricultural Economics",,direct_website,
VCS1493,"Mangrove restoration and coastal greenbelt protection in the East coast of Aceh and North Sumatra Province, Indonesia",UNIQUE forestry and land use GmbH,Matthias Seebauer,Head of Monitoring and MRV,https://www.unique-landuse.de/en/about-us/,Diplom-Forstwirt; leading international MRV expert,,direct_website,
VCS1493,"Mangrove restoration and coastal greenbelt protection in the East coast of Aceh and North Sumatra Province, Indonesia",Yagasu Aceh,Bambang Suprayogi,Contact (no title in PDD),PDD/Monitoring Report VCS1493 dated 2019,From PDD 2019,,older_pdd,
VCS1498,Preserving Peat Swamp Forest Ecosystem Through Redd+ Activity In Kampar Peninsula Riau-Indonesia,Korea Indonesia Forest Center (referenced in PDD; not in DATASET_companies.csv),Moon Jongpil,Contact (no title in PDD),PDD VCS1498 dated 2016,NOT in DATASET_companies.csv; from PDD 2016,,older_pdd,
VCS1498,Preserving Peat Swamp Forest Ecosystem Through Redd+ Activity In Kampar Peninsula Riau-Indonesia,Korea-Indonesia FMU/REDD+ Project Management Unit (referenced in PDD; not in DATASET_companies.csv),Lee Seong Hwan,Contact (no title in PDD),PDD VCS1498 dated 2016,NOT in DATASET_companies.csv; Korean partner agency; from PDD 2016,,older_pdd,
VCS1498,Preserving Peat Swamp Forest Ecosystem Through Redd+ Activity In Kampar Peninsula Riau-Indonesia,"KPHP Tasik Besar Serkap, Riau Province-Indonesia",Apidian Suherdiata,"Head Section of Forest Planning, Utilization, and Use",PDD VCS1498 dated 2016 (Kampar Peninsula REDD+),From PDD 2016,,older_pdd,
VCS1899,Sumatra Merang Peatland Project (SMPP),Althelia Climate Fund,Adam Gibbon,Contact (no title in PDD),PDD VCS1899 dated 25 Nov 2019,From PDD 2019 — no title given in source; person may no longer be at Althelia,,older_pdd,
VCS1899,Sumatra Merang Peatland Project (SMPP),Ecosphere+,Lisa Walker,Contact (no title in PDD),PDD VCS1899 dated 25 Nov 2019,From PDD 2019 — no title given in source; person may no longer be at Ecosphere+,,older_pdd,
VCS1899,Sumatra Merang Peatland Project (SMPP),PT Global Alam Lestari,Riza Suarga,President Director,PDD VCS1899 dated 25 Nov 2019 (Sumatra Merang Peatland Project),"From PDD Nov 2019 — page lists him as ""Dr. Riza Suarga""; person may no longer hold this role",,older_pdd,
"VCS1899, VCS5475",,Agraus Resources,Riza Suarga,Director,Verra API doc: VCS5475 Monitoring Report dated 2025,"From MR 2025; page lists him as ""Dr. Riza Suarga""; SAME PERSON who is President Director of PT Global Alam Lestari (VCS1899) — Jakarta-based equity investor",,recent_pdd,
"VCS1899, VCS5475",,Agraus Resources,Riza Suarga,Founder & Chairman,https://agrausresources.com/our-team/,PhD Resource Management/Anthropology (Univ. of Indonesia); BS Ohio University; MS Trisakti. Former Chairman of the Carbon Team at APHI (Asosiasi Pengusaha Hutan Indonesia / Indonesian Forest Concessionaires Association) — industry-association → industry capture flag. Also appears at PT Global Alam Lestari (VCS1899),,direct_website,
"VCS1899, VCS674",,Forest Carbon (registered as Equator Group Pte Ltd),Jeffrey Chatellier,Chief Executive Officer,https://forestcarbon.com/about,,,direct_website,
"VCS1899, VCS674",,Forest Carbon (registered as Equator Group Pte Ltd),Devan Wardwell,Chief Investment Officer,https://forestcarbon.com/about,,,direct_website,
"VCS1899, VCS674",,Forest Carbon (registered as Equator Group Pte Ltd),Mary Osmond,Director of Legal & External Affairs,https://forestcarbon.com/about,,,direct_website,
"VCS1899, VCS674",,Forest Carbon (registered as Equator Group Pte Ltd),Timothy Rann,Chief Financial Officer,https://forestcarbon.com/about,,,direct_website,
"VCS1899, VCS674",,Forest Carbon (registered as Equator Group Pte Ltd),Tom Houston,Chairman,https://forestcarbon.com/about,,,direct_website,
"VCS1899, VCS674",,Forest Carbon (registered as Equator Group Pte Ltd),Jeffrey Chatellier,Managing Director (per PDD 2019),PDD VCS1899 dated 25 Nov 2019,From PDD 2019 — confirmed as current CEO via forestcarbon.com/about (separate row),,older_pdd,
VCS2403,Riau Ecosystem Restoration Carbon Project,ASIA PACIFIC RESOURCES INTERNATIONAL LTD (APRIL),Bey Soo Khiang,"Chairman, APRIL Group",https://www.aprilasia.com/en/about-us/leadership,,,direct_website,
VCS2403,Riau Ecosystem Restoration Carbon Project,ASIA PACIFIC RESOURCES INTERNATIONAL LTD (APRIL),Wang Bo,"President, APRIL Group",https://www.aprilasia.com/en/about-us/leadership,,,direct_website,
VCS2403,Riau Ecosystem Restoration Carbon Project,ASIA PACIFIC RESOURCES INTERNATIONAL LTD (APRIL),Eduward Ginting,"Chief Operations Officer, APRIL Group",https://www.aprilasia.com/en/about-us/leadership,,,direct_website,
VCS2403,Riau Ecosystem Restoration Carbon Project,ASIA PACIFIC RESOURCES INTERNATIONAL LTD (APRIL),Sihol Parulian Aritonang,"President Director, PT Riau Andalan Pulp and Paper",https://www.aprilasia.com/en/about-us/leadership,PT RAPP is a major APRIL operating subsidiary,,direct_website,
VCS2403,Riau Ecosystem Restoration Carbon Project,ASIA PACIFIC RESOURCES INTERNATIONAL LTD (APRIL),Craig Tribolet,Director of Sustainability and External Affairs at APRIL Group,https://www.aprilasia.com/en/about-us/leadership,,,direct_website,
VCS2403,Riau Ecosystem Restoration Carbon Project,ASIA PACIFIC RESOURCES INTERNATIONAL LTD (APRIL),Edwin Wong,Global Commercial Head of Paper Business at APRIL Group,https://www.aprilasia.com/en/about-us/leadership,,,direct_website,
VCS2403,Riau Ecosystem Restoration Carbon Project,ASIA PACIFIC RESOURCES INTERNATIONAL LTD (APRIL),Madhusudan Kanodia,"Head of Finance, APRIL Group",https://www.aprilasia.com/en/about-us/leadership,,,direct_website,
VCS2403,Riau Ecosystem Restoration Carbon Project,ASIA PACIFIC RESOURCES INTERNATIONAL LTD (APRIL),Lucita Jasmin,Contact (no title in PDD),PDD VCS2403 dated 11 Aug 2022 (Riau Ecosystem Restoration Carbon Project),From PDD 2022 — no title given in source,,older_pdd,
VCS2403,Riau Ecosystem Restoration Carbon Project,ASIA PACIFIC RESOURCES INTERNATIONAL LTD (APRIL),Dian Novarina,Director,Verra API doc: VCS2403 monitoring report dated 2025 (Riau Ecosystem Restoration Carbon Project),Primary Project Proponent contact on the monitoring report; likely a Director within APRIL/RAPP group,,recent_pdd,
VCS2403,Riau Ecosystem Restoration Carbon Project,ASIA PACIFIC RESOURCES INTERNATIONAL LTD (APRIL),Bey Soo Khiang,"Chairman, APRIL Group; Vice Chairman, RGE Group of Companies; Chairman, RER Advisory Board",https://www.rekoforest.org/programme/who-we-are/ + https://www.aprilasia.com/en/about-us/leadership,Cross-confirmation: APRIL chairman is also vice-chairman of RGE (Royal Golden Eagle / Sukanto Tanoto). VCS2403 therefore rolls up to the Tanoto conglomerate — important political-economy fact,,direct_website,
VCS2403,Riau Ecosystem Restoration Carbon Project,Himpanzee Pte Ltd,Dorjee Sun,Co-founder / CEO,PDD VCS2403 dated 2025 + https://www.himpanzee.com/team,"PDD 2025 lists him as CEO; himpanzee.com/team lists him as Co-founder. Well-known carbon entrepreneur; also CEO of Bioeconomy + co-founder of AirCarbon Exchange (ACX); subject of Hugh Jackman documentary ""The Burning Season""",,recent_pdd,
VCS2403,Riau Ecosystem Restoration Carbon Project,Himpanzee Pte Ltd,Mark Harding,Co-Founder & Head of Projects,https://www.himpanzee.com/team,Previously at Carbon Conservation with Dorjee Sun,,direct_website,
VCS2403,Riau Ecosystem Restoration Carbon Project,Himpanzee Pte Ltd,Garry Walsh,Chief Communications Officer,https://www.himpanzee.com/team,,,direct_website,
VCS2403,Riau Ecosystem Restoration Carbon Project,PT. SINAR MUTIARA NUSANTARA,Rudi Hartono,Director,PDD VCS2403 dated 2025,From PDD 2025; Riau-based operating subsidiary in APRIL/RAPP group,,recent_pdd,
VCS2403,Riau Ecosystem Restoration Carbon Project,PT. THE BEST ONE UNITIMBER,Bambang Prayitno,Director,PDD VCS2403 dated 2025,"From PDD 2025; Pangkalan Kerinci, Riau-based operating subsidiary in APRIL/RAPP group",,recent_pdd,
VCS2403,Riau Ecosystem Restoration Carbon Project,Riau ecosystem restoration,Bradford M. Sanders,Head of Operations,PDD VCS2403 dated 2025 (RER-CP),"From PDD 2025; based at PT RAPP Townsite, Pangkalan Kerinci, Riau",,recent_pdd,
VCS2403,Riau Ecosystem Restoration Carbon Project,Riau ecosystem restoration,Nyoman Iswarayoga,"Head of External Affairs & RER Communications, APRIL Group",https://www.rekoforest.org/programme/who-we-are/,"Previously External Affairs Director of RER, Director of Communication and Advocacy at WWF Indonesia",,direct_website,
VCS2403,Riau Ecosystem Restoration Carbon Project,Riau ecosystem restoration,Paul Hotham,"RER Advisory Board; Senior Conservation Director, Fauna & Flora International",https://www.rekoforest.org/programme/who-we-are/,"Oversees FFI Americas & Caribbean, Asia-Pacific, Eurasia regions plus Wildlife Trade programmes",,direct_website,
VCS2403,Riau Ecosystem Restoration Carbon Project,Riau ecosystem restoration,Jeffrey Arthur Sayer,"RER Advisory Board; Professor of Forest Conservation, University of British Columbia",https://www.rekoforest.org/programme/who-we-are/,Expertise in ecology and natural resource management,,direct_website,
VCS2403,Riau Ecosystem Restoration Carbon Project,Riau ecosystem restoration,Kartini Sjahrir,RER Advisory Board; Indonesian anthropologist,https://www.rekoforest.org/programme/who-we-are/,"PhD and Master's Boston University, undergrad Univ. of Indonesia; former chair of Indonesia Anthropology Association. The Sjahrir surname carries political weight in Indonesia — worth checking family/political ties",,direct_website,
VCS2403,Riau Ecosystem Restoration Carbon Project,Riau ecosystem restoration,Bradford Sanders,Head of Operations (RER) — career-long APRIL group,https://www.rekoforest.org/programme/who-we-are/ + PDD VCS2403 dated 2025,"Career path: Firefighting Coordinator at APRIL (2003); Technical Advisor RSPB (2012-2015); Deputy Head of Conservation RER (2016); now Head of Operations. BSc + MSc Forest Management, Clemson. (Same person as the earlier ""Bradford M. Sanders, Head of Operations"" — this row adds the rekoforest.org website as a secondary source)",,recent_pdd,
VCS2403,Riau Ecosystem Restoration Carbon Project,PT. GEMILANG CIPTA NUSANTARA,(no info found),,XXX,"No company website or canonical source in DATASET_companies.csv. Try Indonesian business registry (companieshouse.id), news searches, or LinkedIn.",,(none),
VCS2403,Riau Ecosystem Restoration Carbon Project,PT. GLOBAL ALAM NUSANTARA,(no info found),,XXX,"No company website or canonical source in DATASET_companies.csv. Try Indonesian business registry (companieshouse.id), news searches, or LinkedIn.",,(none),
"VCS3327, VCS3328",Installation of high efficiency wood burning cookstoves in Indonesia 1,C-Quest Capital Stoves Asia Limited,Ken Newcombe,Director,"PDDs VCS3327, VCS3328 dated 2022 (cookstove projects)",From PDDs 2022; Ken Newcombe is well-known founder of C-Quest Capital,,older_pdd,
"VCS3327, VCS3328",Installation of high efficiency wood burning cookstoves in Indonesia 1,C-Quest Capital Stoves Asia Limited,Ken Newcombe,Founder & former CEO — CHARGED WITH FRAUD (Oct 2024); company in Chapter 7 bankruptcy (Feb 2025),"https://www.bloomberg.com/news/articles/2024-07-03/carbon-developer-reports-former-ceo-to-authorities-over-bad-cookstove-offsets + https://carbon-pulse.com/373845/ + https://verra.org/c-quest-capital-statement/ + PDDs VCS3327, VCS3328 dated 2022","Major Indonesian carbon market scandal: C-Quest Capital reported Newcombe to US authorities in mid-2024 for over-issuance fraud. SEC charges in Oct 2024. Filed Chapter 7 bankruptcy in Delaware on 27 Feb 2025. Verra cancelled 5,004,915 VCUs across 27 CQC cookstove projects. VCS3327 (Indonesia 1) and VCS3328 (Indonesia 2) are part of this universe. ICVCM (March 2025) ruled out most cookstove methodologies from CCP-eligible list. Practical implication: existing credits face quality discount; future issuance effectively blocked",,recent_pdd,
VCS3591,The Mayas Project,PT Mohairson Pawan Khatulistiwa,Wim Ikbal,Director,PDD VCS3591 dated 2022 (The Mayas Project),From PDD 2022,,older_pdd,
VCS3591,The Mayas Project,PT Mohairson Pawan Khatulistiwa,Syamsul Budiman,Direktur Utama (President Director),https://mopakha.id/menyatukan-langkah-jaga-hutan-capai-tujuan-pembangunan-berkelanjutan-sdgs-kabupaten-ketapang/,Listed at 2024-2025 SDG forum in Ketapang as Direktur Utama. PDD 2022 listed Wim Ikbal as Director — possible succession (or PD/Director role split). Confirms forest carbon project leadership,,direct_website,
VCS3591,The Mayas Project,Yayasan Inisiasi Alam Rehabilitasi Indonesia (YIARI),Karmele Llano Sanchez,Founder and Chief Executive Officer,https://www.linkedin.com/in/karmele-llano-sanchez-21919b354/,"yiari.or.id blocked by 403 to WebFetch; LinkedIn profile is her own public-facing record. Wildlife Conservation Veterinarian; co-founded YIARI 2008 with funding from International Animal Rescue (IAR). Title quote: ""Founder and Chief Executive Officer at Yayasan Inisiasi Alam Rehabilitasi Indonesia (YIARI)""",,linkedin,
VCS3591,The Mayas Project,Yayasan Inisiasi Alam Rehabilitasi Indonesia (YIARI),Karmele Llano Sanchez,Co-founder and CEO (confirmation from mopakha.id),https://mopakha.id/menyatukan-langkah-jaga-hutan-capai-tujuan-pembangunan-berkelanjutan-sdgs-kabupaten-ketapang/,"Secondary source for the LinkedIn-only earlier row. Mopakha.id event (2024-2025) lists her as ""Dr. Karmele Llano Sánchez (Co-founder and CEO Yayasan Inisiasi Alam Rehabilitasi Indonesia – YIARI)"" — independently confirms the LinkedIn self-description",,direct_website,
"VCS3591, VCS5695",,PT. Karbon Natura Indonesia,Irwansyah Reza Lubis,President Director,Verra API docs: VCS5695 MR 2025 and VCS3591 MR 2025,"From MRs 2025; listed as President Director on VCS5695, Director on VCS3591; Jakarta-based carbon technical advisor",,other,
VCS409,MedcoEnergi Associated Gas Recovery and Utilization Project ,PT. Medco LPG Kaji (MLK),(no info found),,https://www.medcoenergi.com/,"Searched https://www.medcoenergi.com/ — no leadership listed. Try news searches (Indonesian: Tempo, Kompas, Bisnis Indonesia; English: Reuters, Mongabay) or Indonesian business registry companieshouse.id.",,(none),
VCS4381,WEST SERAM REDD+ and AGARWOOD ForestWise PROJECT,"Forward Intelligence Energy Co., Ltd.",Chi-Chong Hong,"Chairman (MD, MPH, MHSc)",PDD VCS4381 dated 2025 (West Seram REDD+ project),From PDD 2025 — academic credentials suggest medical/public-health background,,recent_pdd,
VCS4381,WEST SERAM REDD+ and AGARWOOD ForestWise PROJECT,"Forward Intelligence Energy Co., Ltd.",Ma Jinyao,General Manager,https://www.asiaassetsdev.com/event/april-2026,Hosted the ceremony at the April 2026 Asia Assets Developments / Taiwan-Indonesia forum; suggests senior operational role at Forward Intelligence,,direct_website,
VCS4381,WEST SERAM REDD+ and AGARWOOD ForestWise PROJECT,PT Asia Pasifik Asset Percayaan,Riyan Kumiawan,Director,PDD VCS4381 dated 2025,"From PDD 2025; verify spelling — could be ""Kurniawan""",,recent_pdd,
"VCS4381, VCS5524",,"Asia Assets Developments Co., Ltd.",Alex Chi,Managing Director,"PDDs VCS4381 (2025), VCS5524 (2025)",From PDDs 2025 — appears on multiple Indonesian REDD+ projects,,recent_pdd,
"VCS4381, VCS5524",,"Asia Assets Developments Co., Ltd.",Stephen Shen (Shen Shih-hung),Advisor; former Director General of Environmental Protection Administration (EPA) of Taiwan,"PDDs VCS5524 (2025), VCS4381 (2025) narrative bios","Politically significant: Dr Stephen Shen served 6 years as Director General of Taiwan EPA — equivalent to Minister of Environment. Now advisor on Indonesia carbon projects. Page lists him as ""Dr. Stephen Shen""",,recent_pdd,
"VCS4381, VCS5524",,"Asia Assets Developments Co., Ltd.",Lee Chien Ming,Advisor; Professor at National Taipei University (Graduate Institute of Natural Resources and Environmental Management),PDD VCS4381 dated 2025 narrative bio,"From PDD 2025; academic advisor on forest ecology/restoration. Page lists him as ""Dr. Lee, Chien Ming""",,recent_pdd,
"VCS4381, VCS5524",,"Asia Assets Developments Co., Ltd.",Chi Ying-Ya,Director / Chairman,https://www.asiaassetsdev.com/event/april-2026,"Likely the same person as the ""Alex Chi, Managing Director"" entry (Chinese name + English business name). The April 2026 forum listing gives the Chinese-name version",,direct_website,
"VCS4381, VCS5524",,Sinetics Accreditation International Taiwan Ltd.,Kai-Hsien Chen,President,PDDs VCS5524 (2025) and VCS4381 (2025),"From PDDs 2025; page lists him as ""Kai-Hsien Chen. Ph. D.""; Taiwan technical advisor on Indonesian REDD+ projects",,recent_pdd,
"VCS4381, VCS5524",,Sinetics Accreditation International Taiwan Ltd.,Kai-Hsien Chen,"President; Adjunct Professor, National Taiwan University (Horticulture and Landscape Architecture)",https://www.asiaassetsdev.com/event/april-2026 + PDDs VCS5524 (2025) and VCS4381 (2025),"PhD; NTU faculty role provides academic legitimacy to the Taiwan-Indonesia REDD+ network. Same person as the earlier ""Kai-Hsien Chen, President"" entry — this entry adds the academic affiliation as a secondary source",,recent_pdd,
VCS4520,Muara Teweh Conservation Project,Fairatmos International Pte. Ltd.,Natalia Rialucky,Executive Director,PDD VCS4520 dated 2024 (Muara Teweh Conservation Project),From PDD 2024 — same person as PT Udara Untuk Semua - FAIRATMOS Founder & CEO; signing for the Singapore entity,,recent_pdd,
VCS4520,Muara Teweh Conservation Project,PT Austral Byna,Reynaldi Latief,"CEO, Austral Energy (subsidiary of PT Austral Byna)",https://www.compasslist.com/founders/reynaldi-latief,"CEO since August 2015. Also Co-founder & CEO of Conclave coworking; CEO of PT Gudang Kapital Internasional. Bachelor's ITB Business Management 2010. Direct CEO of PT Austral Byna (parent) not publicly disclosed — this is the closest leadership figure findable. CompassList has a paywall, so trust level is ""other"" rather than ""direct_website""",,direct_website,
VCS4782,South Barito Kapuas Project,Ata Marie Group Ltd,George Kuru,Manager of Carbon Services and IT Systems,https://www.ata-marie.com/our-team,,,direct_website,
VCS4782,South Barito Kapuas Project,Ata Marie Group Ltd,Alex Thorp,Manager Consulting,https://www.ata-marie.com/our-team,,,direct_website,
VCS4782,South Barito Kapuas Project,Ata Marie Group Ltd,Tony Wood,Manager Operations,https://www.ata-marie.com/our-team,,,direct_website,
VCS4782,South Barito Kapuas Project,Ata Marie Group Ltd,Dadan Setiawan,GIS & Remote Sensing Team Leader,https://www.ata-marie.com/our-team,Indonesian team,,direct_website,
VCS4782,South Barito Kapuas Project,Ata Marie Group Ltd,Sofyan Iskandar,Community Engagement Team Leader,https://www.ata-marie.com/our-team,Indonesian team,,direct_website,
VCS4782,South Barito Kapuas Project,Ata Marie Group Ltd,Dadi Ardiansyah,Forest Survey and Biodiversity Team Leader,https://www.ata-marie.com/our-team,Indonesian team,,direct_website,
VCS4782,South Barito Kapuas Project,PT Hamparan Eco Semesta,Helda Yanti,Contact (no title in PDD),PDD VCS4782 dated 2023,From PDD 2023,,older_pdd,
VCS4782,South Barito Kapuas Project,PT Konsultan Karbon Lestari,Alfonsus Maria Bagus Dwiaji,Contact (no title in PDD),PDD VCS4782 dated 2023,"From PDD 2023; matches ""Alfonsus Dwiaji - Project Director"" mentioned on RocketReach",,older_pdd,
VCS4782,South Barito Kapuas Project,PT Nusantara Solusi Raya,Nova Misriani,President Director,PDD VCS4782 dated 2023 (South Barito Kapuas Project),"From PDD 2023 — page lists her as ""Ir. Nova Misriani""",,older_pdd,
VCS4782,South Barito Kapuas Project,PT Nusantara Solusi Raya,Mayang Pratiwi,Commissioner,PDD VCS4782 dated 2023,From PDD 2023,,older_pdd,
VCS4782,South Barito Kapuas Project,PT Nusantara Solusi Raya,Alana Tomasoa,Director,PDD VCS4782 dated 2023,From PDD 2023,,older_pdd,
VCS4782,South Barito Kapuas Project,PT Nusantara Solusi Raya,(corporate-structure note),"Owned via Yayasan Hamparan Eco Semesta (foundation); new partner = Megain Widjaja (grandson of Eka Tjipta Widjaja, Sinar Mas founder)",https://pulitzercenter.org/stories/competition-kalimantans-forests,"Not a person row. Per Pulitzer Center: NRS shares were initially held by Yayasan Hamparan Eco Semesta (nonprofit forest conservation foundation founded by Nova Misriani). The new partner is Megain Widjaja, CEO of Indonesia Clearing House (ICDX Group), grandson of Sinar Mas founder Eka Tjipta Widjaja. Vertical integration: same family group holds (a) the forest project (VCS4782 supply) and (b) the carbon-credit clearing infrastructure (ICDX/ICH demand-side)",,direct_website,
VCS4782,South Barito Kapuas Project,PT Nusantara Solusi Raya,Nova Misriani,"President Director, PT Nusantara Solusi Raya; Founder, Yayasan Hamparan Eco Semesta; named board member in a timber company (per Pulitzer)",https://pulitzercenter.org/stories/competition-kalimantans-forests + PDD VCS4782 dated 2023,"Page lists her as ""Ir. Nova Misriani"". Founded the foundation that owns NRS shares — i.e. the project proponent. Also reportedly a board member in a timber company (per Pulitzer Center; specific company not yet identified). Conservation/timber dual role is a soft red flag",,older_pdd,
VCS4782,South Barito Kapuas Project,Yayasan Hamparan Eco Semesta,Wanda Aristiani Evans,Contact (no title in PDD),PDD VCS4782 dated 2023,From PDD 2023,,older_pdd,
VCS4782,South Barito Kapuas Project,Zero Carbon Forestry Management Pte Ltd,Joel Hogarth,Contact (no title in PDD),PDD VCS4782 dated 2023,From PDD 2023,,older_pdd,
VCS4782,South Barito Kapuas Project,Zero Carbon Forestry Management Pte Ltd,Isaac Lee,Chief Financial Officer,https://sg.linkedin.com/in/isaac-lee-9a9a3237,"Singapore-based CFO. Confirmed working with HES Foundation (Yayasan Hamparan Eco Semesta) on FPIC in Palangkaraya, Central Kalimantan. 12 years commercial/financial experience; CA (ISCA + ACCA); Oxford Brookes",,linkedin,
"VCS4782, VCS5520",,PT. Suntara Gajapati,(corporate link),"Tethered to APP Group / Sinar Mas (Widjaja family) via APP-Group ""Progress Reporting Tool""; HCS Assessor: Ata Marie",https://sustainability-dashboard.com/-/pt.-suntara-gajapati,Not a person row — informational entry. PT Suntara Gajapati uses an APP Group reporting tool; APP is a Sinar Mas subsidiary. Indirect Widjaja family connection to VCS5520. Also lists Ata Marie as the HCS Assessor (Ata Marie is in DATASET_companies for VCS4782 — operationally overlapping),,direct_website,
"VCS486, VCS487, VCS488",,PT. PLN (Persero),Jurlian Sitanggang,"Head of Health, Safety, Security, and Environment Division (Kepala Divisi K3L)","PDDs VCS486 (2017), VCS487 (2018), VCS488 (2017)",From PDDs 2017-2018 — person may have moved on; current PLN board listed separately from web.pln.co.id,,older_pdd,
VCS487,"210 MW Musi Hydro Power Plant, Bengkulu",PT PLN (Persero),Komang Parmita,"Executive Vice President (EVP) of Health, Safety, Security and Environment (as of 2022)",Verra API doc: VCS487 monitoring report dated 2022 (Musi Hydro Power),EVP HSSE role; same person also appears as Director of Operation Gas Power Plant at PT PLN Nusantara Power (different subholding),,older_pdd,
VCS4967,PLUM Peat and Mangrove Conservation and Restoration Project (PLUM Project),Hutan Kencana Group (parent of PT Pagatan Usaha Makmur),Handoko Limaho,Chief Executive Officer,PDD VCS4967 dated 23 Feb 2024,Parent of PT Pagatan Usaha Makmur (which is in DATASET_companies.csv); Hutan Kencana Group is NOT in DATASET_companies.csv. Family of Dr. Limaho exited oil palm (PT AIS group) in 2021 and acquired PT PUM,,recent_pdd,
VCS4967,PLUM Peat and Mangrove Conservation and Restoration Project (PLUM Project),Hutan Kencana Group (parent of PT Pagatan Usaha Makmur),Rio Christiawan,Co-Founder; HR and Legal Director,PDD VCS4967 dated 23 Feb 2024 narrative bio (Section 2.4.3),"PDD bio updates earlier entry (was ""President Director"" per plumproject.id which appears to be wrong/outdated). Page lists him as ""Dr. Rio Christiawan, S.H., M.Hum., M.Kn."" Doctoral degree in Law at Parahyangan Catholic University. Lecturer at multiple Indonesian universities",,recent_pdd,
VCS4967,PLUM Peat and Mangrove Conservation and Restoration Project (PLUM Project),PT Pagatan Usaha Makmur,Handoko Limaho,Chief Executive Officer,PDD VCS4967 dated 23 Feb 2024 (PLUM Project),"From PDD 2024; page lists him as ""Mr. Handoko Limaho"" / ""Dr. Handoko Limaho""; also CEO of Hutan Kencana Group (parent)",,recent_pdd,
VCS4967,PLUM Peat and Mangrove Conservation and Restoration Project (PLUM Project),PT Pagatan Usaha Makmur,Imanuddin Utoro,Restoration Sustainability Manager,PDD VCS4967 dated 23 Feb 2024,"From PDD 2024; previously at PT Astra Agro Lestari Tbk (Conservation Specialist), PT SMART Tbk (Section Head Forest Conservation Policy), Yayasan Kehati, Orangutan Foundation UK",,recent_pdd,
VCS4967,PLUM Peat and Mangrove Conservation and Restoration Project (PLUM Project),PT Pagatan Usaha Makmur,Larissa D. Salaki,Senior Restoration and Sustainability Officer (Biodiversity and Forestry Specialist),PDD VCS4967 dated 23 Feb 2024,"From PDD 2024; MSc Conservation Biology Univ of Indonesia, BSc UC Davis",,recent_pdd,
VCS4967,PLUM Peat and Mangrove Conservation and Restoration Project (PLUM Project),PT Pagatan Usaha Makmur,Rio Christiawan,Chief Executive Officer (as of 2026 monitoring report; previously HR/Legal Director per 2024 PDD),Verra API doc: VCS4967 monitoring report dated 2026,UPDATED ROLE: Earlier 2024 PDD listed him as HR/Legal Director + Co-Founder of Hutan Kencana Group. 2026 monitoring report lists him as CEO. May indicate succession from Handoko Limaho (still listed elsewhere as CEO) OR a parallel role,,recent_pdd,
VCS4967,PLUM Peat and Mangrove Conservation and Restoration Project (PLUM Project),PT Pagatan Usaha Makmur,Paulus Somadjaja,Finance Director,https://plumproject.id/about-us/,,,direct_website,
VCS4967,PLUM Peat and Mangrove Conservation and Restoration Project (PLUM Project),PT Pagatan Usaha Makmur,Michael Agung Kuncoro,HR Legal Manager,https://plumproject.id/about-us/,,,direct_website,
VCS4967,PLUM Peat and Mangrove Conservation and Restoration Project (PLUM Project),PT Pagatan Usaha Makmur,Newyearda Sirait,R&S Manager (Restoration & Sustainability),https://plumproject.id/about-us/,,,direct_website,
VCS4967,PLUM Peat and Mangrove Conservation and Restoration Project (PLUM Project),PT Pagatan Usaha Makmur,Soni Setia Budiawan,Project Manager,https://plumproject.id/about-us/,,,direct_website,
VCS4967,PLUM Peat and Mangrove Conservation and Restoration Project (PLUM Project),PT Pagatan Usaha Makmur,Panji Ahmad Fauzan,Biodiversity Coordinator,https://plumproject.id/about-us/,,,direct_website,
VCS4967,PLUM Peat and Mangrove Conservation and Restoration Project (PLUM Project),PT Pagatan Usaha Makmur,Indra Purnama Bahri,Community Development Coordinator,https://plumproject.id/about-us/,,,direct_website,
VCS4967,PLUM Peat and Mangrove Conservation and Restoration Project (PLUM Project),PT Terrathrive Bakti Indonesia,Eri Budiono,President Director,PDD VCS4967 dated 23 Feb 2024,From PDD 2024,,recent_pdd,
VCS4967,PLUM Peat and Mangrove Conservation and Restoration Project (PLUM Project),PT Terrathrive Bakti Indonesia,Yudha Permana Jayadikarta,Chief Executive Officer (current),https://dealls.com/karir/pt-terrathrive-bakti-indonesia,Public-facing CEO per Dealls. PDD 2024 listed Eri Budiono as President Director — possible succession or PD/CEO split,,direct_website,
VCS4967,PLUM Peat and Mangrove Conservation and Restoration Project (PLUM Project),Syngenera Pte. Ltd,Angela Joehl Cadena,Head of Projects,PDD VCS4967 dated 23 Feb 2024,From PDD 2024,,recent_pdd,
VCS4967,PLUM Peat and Mangrove Conservation and Restoration Project (PLUM Project),Syngenera Pte. Ltd,Brad Denig,"Co-founder (Syngenera) / Director, Head of Business Development (Hutan Synergy)",https://www.hutansynergy.com/about/team,"Bridges Syngenera and Hutan Synergy — the two are functionally one network. Prior: Bain & Company, ERM, AWR Lloyd, Ecova/Engie Insight. Bangkok-based",,direct_website,
VCS4967,PLUM Peat and Mangrove Conservation and Restoration Project (PLUM Project),Syngenera Pte. Ltd,Rio Christiawan,Director (Hutan Synergy) — same person as PT PUM CEO,https://www.hutansynergy.com/about/team,"Connects PT Pagatan Usaha Makmur (VCS4967) and Syngenera (VCS4967) via Hutan Synergy. Prior corporate affiliations per Hutan Synergy bio: Sinar Mas Agro Resources and Technology, Asian Agri (RGE/Tanoto), Lippo Plantation (Riady), Orang Tua Group (Wibisono) — career-long plantation conglomerate executive now in forest carbon",,direct_website,
"VCS4967, VCS5283",,PT Gaia Eko Daya Buana,Martin Hardiono,President Commissioner,https://gaia.id/about-us/,,,direct_website,
"VCS4967, VCS5283",,PT Gaia Eko Daya Buana,Iis Sabahudin,Commissioner,https://gaia.id/about-us/,,,direct_website,
"VCS4967, VCS5283",,PT Gaia Eko Daya Buana,Andjar Rafiastanto,CEO,https://gaia.id/about-us/,,,direct_website,
"VCS4967, VCS5283",,PT Gaia Eko Daya Buana,Joseph Hutabarat,Chief Business Development Officer,https://gaia.id/about-us/,,,direct_website,
"VCS4967, VCS5283",,PT Gaia Eko Daya Buana,Erlangga Muhammad,Key Personnel (Carbon Project Development; ISO14064-certified),PDD VCS5283 dated 2024 (Table 2-18),From PDD 2024; PT Gaia consultant,,recent_pdd,
"VCS4967, VCS5283",,PT Gaia Eko Daya Buana,Kevin Husein,Key Personnel (Carbon Project Development VCS / Gold Standard),PDD VCS5283 dated 2024,From PDD 2024,,recent_pdd,
"VCS4967, VCS5283",,PT Gaia Eko Daya Buana,Syarifudin,"Key Personnel (Social, ESG, FPIC; ISO14064-certified)",PDD VCS5283 dated 2024,From PDD 2024,,recent_pdd,
"VCS4967, VCS5283",,PT Gaia Eko Daya Buana,Fajar Kaprawi,Key Personnel (Biodiversity & Forestry Assessment),PDD VCS5283 dated 2024,From PDD 2024,,recent_pdd,
VCS5032,Kupu-Kupu Project - Enhancing Livelihoods through Mangrove Restoration and Silvofishery in South Sulawesi,Vlinder Austria GmbH(Proponent),Robin Bartmann,Director (signed VCS Listing Representation 5032 dated 21.05.2023),VCS Listing Representation for VCS5032 dated 21 May 2023,Listing Representation confirms director role (same person as COO via website); robin.bartmann@vlinderclimate.com signed as director,,other,
VCS5032,Kupu-Kupu Project - Enhancing Livelihoods through Mangrove Restoration and Silvofishery in South Sulawesi,Vlinder Austria GmbH(Proponent),Tom Kagerer,CEO,https://vlinderclimate.com/,Executive Leadership,,direct_website,
VCS5032,Kupu-Kupu Project - Enhancing Livelihoods through Mangrove Restoration and Silvofishery in South Sulawesi,Vlinder Austria GmbH(Proponent),Sergey Ivliev,"Founder, Chief Strategy Officer",https://vlinderclimate.com/,"Page lists him as ""Dr. Sergey Ivliev""",,direct_website,
VCS5032,Kupu-Kupu Project - Enhancing Livelihoods through Mangrove Restoration and Silvofishery in South Sulawesi,Vlinder Austria GmbH(Proponent),Lena Mechenkova,"Founder, Head of Projects",https://vlinderclimate.com/,,,direct_website,
VCS5032,Kupu-Kupu Project - Enhancing Livelihoods through Mangrove Restoration and Silvofishery in South Sulawesi,Vlinder Austria GmbH(Proponent),Robin Bartmann,COO,https://vlinderclimate.com/,,,direct_website,
VCS5032,Kupu-Kupu Project - Enhancing Livelihoods through Mangrove Restoration and Silvofishery in South Sulawesi,Vlinder Austria GmbH(Proponent),Christian Svoboda,CFO,https://vlinderclimate.com/,,,direct_website,
VCS5032,Kupu-Kupu Project - Enhancing Livelihoods through Mangrove Restoration and Silvofishery in South Sulawesi,Vlinder Austria GmbH(Proponent),Holly Elgar,Technical and Knowledge Lead,https://vlinderclimate.com/,,,direct_website,
VCS5032,Kupu-Kupu Project - Enhancing Livelihoods through Mangrove Restoration and Silvofishery in South Sulawesi,Vlinder Austria GmbH(Proponent),Galih Prasetya,Implementation Lead - Indonesia,https://vlinderclimate.com/,Indonesia-specific role,,direct_website,
VCS5032,Kupu-Kupu Project - Enhancing Livelihoods through Mangrove Restoration and Silvofishery in South Sulawesi,Manggala Karbon Indonesia,(no info found),,https://vlinderclimate.com/kupu-kupu,"Searched https://vlinderclimate.com/kupu-kupu — no leadership listed. Try news searches (Indonesian: Tempo, Kompas, Bisnis Indonesia; English: Reuters, Mongabay) or Indonesian business registry companieshouse.id.",,(none),
VCS5283,Seram Climate and Conservation (SERCOVA),PT Strata Pacific (proponent),Johan Satria Putra,Chief Executive Officer,PDD VCS5283 dated 2024 (SERCOVA project),"From PDD 2024; resolves the earlier ""no info found"" placeholder for PT Strata Pacific",,recent_pdd,
VCS5283,Seram Climate and Conservation (SERCOVA),PT Strata Pacific (proponent),Adidarma Batara,Key Personnel (Finance & Operations; Master Degree Finance; 20+ years),PDD VCS5283 dated 2024 (Table 2-17 Key personnel),From PDD 2024; PT Strata Pacific staff per Management Team table,,recent_pdd,
VCS5283,Seram Climate and Conservation (SERCOVA),PT Strata Pacific (proponent),Iyep Winata,Key Personnel (Forester; 20+ years forestry operations),PDD VCS5283 dated 2024,From PDD 2024,,recent_pdd,
VCS5283,Seram Climate and Conservation (SERCOVA),PT Strata Pacific (proponent),Napoleon Pinoa,Key Personnel (Certified Forestry Specialist GANISHPH Forest Planning; 20+ years),PDD VCS5283 dated 2024,"From PDD 2024; previously identified in news as ""Acting Manager Camp"" of PT Strata Pacific",,recent_pdd,
VCS5475,KUBURAYA MANGROVE: CONCESSION TO CONSERVATION PROJECT,Agraus Resources,Mirza Laharsya Suarga,President Director,https://agrausresources.com/our-team/,"Son of Riza Suarga. Bachelor's Newcastle School of Business / Northumbria University; MS Energy Security Indonesia Defense University. Focus: renewable energy mapping, biomass power plants, carbon credits",,direct_website,
VCS5475,KUBURAYA MANGROVE: CONCESSION TO CONSERVATION PROJECT,Agraus Resources,Nadira Alisha Suarga,Director,https://agrausresources.com/our-team/,Daughter of Riza Suarga. Double degree in Fashion Management (Binus / Northumbria). Founded Aksu fashion brand; collaboration with Borneo Orangutan Survival Foundation,,direct_website,
VCS5475,KUBURAYA MANGROVE: CONCESSION TO CONSERVATION PROJECT,Agraus Resources,Robert Satrya,Investor Relations / Advisor to CEO,https://agrausresources.com/our-team/,Bachelor's Finance Mgmt (CSU Long Beach); MS Applied Finance (UWS). Background in multi-billion dollar deals and media conglomerate setup,,direct_website,
VCS5475,KUBURAYA MANGROVE: CONCESSION TO CONSERVATION PROJECT,Agraus Resources,Alejo Artaza,Development Partner / Advisor to CEO,https://agrausresources.com/our-team/,"Bachelor's Mech Eng (Simon Bolivar U); MS Industrial Eng (Cranfield). ""Worked in 67 countries"" in bioeconomy and energy efficiency",,direct_website,
VCS5475,KUBURAYA MANGROVE: CONCESSION TO CONSERVATION PROJECT,Agraus Resources,Sri Mariati,Sustainability Expert / Advisor to CEO,https://agrausresources.com/our-team/,"PhD Environmental Studies (Univ. of Indonesia); MS Universitas Andalas. Former WWF consultant, Conservation International Terrestrial Program Director",,direct_website,
VCS5475,KUBURAYA MANGROVE: CONCESSION TO CONSERVATION PROJECT,Agraus Resources,Gigit Pratama Ginarso,GIS and Spatial Planning Specialist,https://agrausresources.com/our-team/,Diploma Marine Technology (IPB); Bachelor's Mgmt (PBM); pursuing MS Urban Development (Krisnadwipayana),,direct_website,
VCS5475,KUBURAYA MANGROVE: CONCESSION TO CONSERVATION PROJECT,Nusantara Climate Initiative Indonesia,Barakalla Robyn,Chief Sustainability Officer (Primary Contact),PDD VCS5475 dated 2025 (KUBURAYA Mangrove project),From PDD 2025,,recent_pdd,
VCS5475,KUBURAYA MANGROVE: CONCESSION TO CONSERVATION PROJECT,Nusantara Climate Initiative Indonesia,Clarissa Rusli,VP of Climate Strategy,PDD VCS5475 dated 2025 (KUBURAYA Mangrove project),From PDD 2025; Table 37 Management Team. Previously COO of furniture retail/distribution co; sister relationship with Halim Rusli (Director of Kandelia Alam) not confirmed but family name suggests possible link,,recent_pdd,
VCS5475,KUBURAYA MANGROVE: CONCESSION TO CONSERVATION PROJECT,Nusantara Climate Initiative Indonesia,Chandra Irawadi Wijaya,Division Head of Impact & Compliance,PDD VCS5475 dated 2025,From PDD 2025; 18+ years NGO experience,,recent_pdd,
VCS5475,KUBURAYA MANGROVE: CONCESSION TO CONSERVATION PROJECT,Nusantara Climate Initiative Indonesia,Jordan Lawson,Department Head of Finance and Business Development & Innovative Financing,https://nusantaraclimate.co.id/our-team/,,,direct_website,
VCS5475,KUBURAYA MANGROVE: CONCESSION TO CONSERVATION PROJECT,Nusantara Climate Initiative Indonesia,Komang Andika,Department Head of Social Capital Management,https://nusantaraclimate.co.id/our-team/,,,direct_website,
VCS5475,KUBURAYA MANGROVE: CONCESSION TO CONSERVATION PROJECT,Nusantara Climate Initiative Indonesia,Muhammad Sofiyuddin,Strategic Outreach Manager,https://nusantaraclimate.co.id/our-team/,,,direct_website,
VCS5475,KUBURAYA MANGROVE: CONCESSION TO CONSERVATION PROJECT,Nusantara Climate Initiative Indonesia,Wiro Wirandi,Division Head of Sustainable Commodity,https://nusantaraclimate.co.id/our-team/,,,direct_website,
VCS5475,KUBURAYA MANGROVE: CONCESSION TO CONSERVATION PROJECT,Nusantara Climate Initiative Indonesia,Kasraji Mustari,Area Division Head,https://nusantaraclimate.co.id/our-team/,,,direct_website,
VCS5475,KUBURAYA MANGROVE: CONCESSION TO CONSERVATION PROJECT,Nusantara Climate Initiative Indonesia,Adhy Maruly,Senior Specialist Social Safeguard & Community Development,https://nusantaraclimate.co.id/our-team/,,,direct_website,
VCS5475,KUBURAYA MANGROVE: CONCESSION TO CONSERVATION PROJECT,Nusantara Climate Initiative Indonesia,Asep Taufik Hidayat,Department Head of Audit and Compliance,https://nusantaraclimate.co.id/our-team/,,,direct_website,
VCS5475,KUBURAYA MANGROVE: CONCESSION TO CONSERVATION PROJECT,Nusantara Climate Initiative Indonesia,Isnurdiansyah,Department Head of Biodiversity,https://nusantaraclimate.co.id/our-team/,,,direct_website,
VCS5475,KUBURAYA MANGROVE: CONCESSION TO CONSERVATION PROJECT,Nusantara Climate Initiative Indonesia,Halim Rusli,"Linked via Pulitzer Center reporting (also Director, PT Kandelia Alam)",https://pulitzercenter.org/stories/competition-kalimantans-forests + PDD VCS5475 dated 2025,Halim Rusli sits on both NCI and PT Kandelia Alam (the two proponents of VCS5475) per Pulitzer Center reporting — soft conflict-of-interest flag worth tracking,,recent_pdd,
VCS5475,KUBURAYA MANGROVE: CONCESSION TO CONSERVATION PROJECT,PT Kandelia Alam,Halim Rusli,Director,PDD VCS5475 dated 2025,From PDD 2025,,recent_pdd,
VCS5520,The Pekanbaru Suntara Peatland Project (PSPP),180 Climate PTE.Ltd,Soedartono Lay,Contact (no title in PDD),PDD VCS5520 dated 2025,From PDD 2025,,recent_pdd,
VCS5520,The Pekanbaru Suntara Peatland Project (PSPP),"Indacom PTE, LTD.",Guoqiang Guan,Contact (no title in PDD),PDD VCS5520 dated 2025,"From PDD 2025; user CSV variant: ""Indacom PTE, LTD.""",,recent_pdd,
VCS5520,The Pekanbaru Suntara Peatland Project (PSPP),PT. Suntara Gajapati,Hans Dandis,Project Site Manager,PDD VCS5520 dated 2025 (Pekanbaru Suntara Peatland Project),From PDD 2025; mid-level role only — owners/directors may be elsewhere,,recent_pdd,
VCS5520,The Pekanbaru Suntara Peatland Project (PSPP),PT. Suntara Gajapati,Sunarta,President Director / Chairman,PDD VCS5520 dated 2025 narrative bio (Section 2.4.3),"From PDD 2025; ""chairman of the PT. SUNTARA GAJAPATI"" — leads strategic direction. Separate from Hans Dandis (Project Site Manager)",,recent_pdd,
VCS5520,The Pekanbaru Suntara Peatland Project (PSPP),PT. Suntara Gajapati,SiHai Zhang,Project Lead (PhD Environmental Science),PDD VCS5520 dated 2025,From PDD 2025; technical lead,,recent_pdd,
VCS5520,The Pekanbaru Suntara Peatland Project (PSPP),PT. Suntara Gajapati,QinHe Nan,Financial Management,PDD VCS5520 dated 2025,From PDD 2025; female; project budget control + financial analysis,,recent_pdd,
VCS5524,Central Seram IFM RestorationWISE Project,PT Bintang Lima Makmur,Suryadi,Director,PDD VCS5524 dated 2025,From PDD 2025,,recent_pdd,
VCS5524,Central Seram IFM RestorationWISE Project,PT Green Ekonomi Sejahtera,Frans Erdy Resikahil,Director,PDD VCS5524 dated 2025,From PDD 2025,,recent_pdd,
VCS5524,Central Seram IFM RestorationWISE Project,"W Investment Co., Ltd.",Sharon Wang,Director,PDD VCS5524 dated 2025 (Central Seram IFM RestorationWISE),"From PDD 2025; W Investment Co., Ltd. is NOT in DATASET_companies.csv — flagged in comparison",,recent_pdd,
VCS5585,PROJECT LESTARI,Deloitte Advisory (Hong Kong) Limited,Junko Watanabe,Deloitte Asia Pacific Deputy Chair (Deloitte Global Board),https://www.deloitte.com/global/en/about/governance/facts-and-figures/deloitte-global-board-of-directors.html,Deloitte Global Board member with Asia Pacific responsibility — the most relevant board-level link to Deloitte Advisory (Hong Kong) Limited. Hong Kong office partner roster is not publicly disclosed,,direct_website,
VCS5585,PROJECT LESTARI,Deloitte Advisory (Hong Kong) Limited,Anna Marks,Deloitte Global Chair,https://www.deloitte.com/global/en/about/governance/facts-and-figures/deloitte-global-board-of-directors.html,Top of the Deloitte Global Board,,direct_website,
VCS5585,PROJECT LESTARI,Deloitte Advisory (Hong Kong) Limited,Joe Ucuzoglu,Deloitte Global CEO,https://www.deloitte.com/global/en/about/governance/facts-and-figures/deloitte-global-board-of-directors.html,Deloitte Global CEO,,direct_website,
VCS5585,PROJECT LESTARI,PT. Agra Inti Investama,Uswatul Hasan,General Manager,PDD VCS5585 dated 2025 (Project Lestari),From PDD 2025,,recent_pdd,
VCS5585,PROJECT LESTARI,PT. Agra Inti Investama,Irfan Mutyara,Founder,https://agracorp.id/,"Founded PT. Agra Inti Investama in 1994; previously Chairman of HIPMI (Indonesian Young Entrepreneurs Association) North Sumatra, Chairman of KADIN (Chamber of Commerce) North Sumatra, Head of ISEI North Sumatra. Career in palm oil, rubber, timber, food, toiletries, health, finance/investment since the 1970s — high-profile North Sumatra business-association figure",,direct_website,
VCS5631,Enviro Rise,Neusa Global Pte Ltd,Bushh Pangestu,Director,PDD VCS5631 dated 2025 (Enviro Rise project),From PDD 2025; same person who appeared as witness on the Listing Representation deed earlier — likely Pangestu family connection worth investigating,,recent_pdd,
VCS5631,Enviro Rise,PT Rimbun Seruyan,Arya Hanni,President Director,PDD VCS5631 dated 2025 (Enviro Rise),From PDD 2025,,recent_pdd,
VCS5631,Enviro Rise,PT Rimbun Seruyan,Arya Hanni,"Director (signed Listing Representation, 24 June 2025)",VCS Listing Representation 24 June 2025 (Enviro Rise project),Listing Representation confirms director — same person as President Director per PDD 5631. Witness: BUSHH PANGESTU of Gading Serpong Tangerang (likely Bush Pangestu — Pangestu family connection worth investigating),,other,
VCS5695,Siluk Peatlands Conservation Project (SPCP),PT. Annisa Surya Kencana,Iwan Tricahyo Wibisono,President Director,PDD VCS5695 dated 2025 (Siluk Peatlands Conservation),From PDD 2025,,recent_pdd,
VCS5695,Siluk Peatlands Conservation Project (SPCP),PT. Annisa Surya Kencana,Irwan Gunawan,Operation Director,PDD VCS5695 dated 2025 narrative bio (Section 2.4.3),"From PDD 2025; previously at WWF, Rainforest Alliance, Indonesian Ecolabel Institute",,recent_pdd,
VCS5695,Siluk Peatlands Conservation Project (SPCP),PT. Annisa Surya Kencana,Herry Akbar,Finance and General Service Director,PDD VCS5695 dated 2025,From PDD 2025; 25+ years financial management for non-profit orgs,,recent_pdd,
VCS5736,Kapuas Pisau Conservation Project,Canopy Carbon PTE LTD,Derron Leonardo Tio,Director,Verra API doc: VCS5736 Monitoring Report dated 2026,From MR 2026; Singapore-based technical partner on KPCP project,,recent_pdd,
VCS5736,Kapuas Pisau Conservation Project,PT Indo Hutan Ekosistem,Jonathan Han,Chief Executive Officer,PDD VCS5736 dated 2023 (Kapuas Pisau Conservation),"From PDD 2023; user CSV variant lacks period in ""PT Indo Hutan Ekosistem""",,older_pdd,
VCS5736,Kapuas Pisau Conservation Project,PT. Indo Hutan Ekosistem,Siswantoro,"Director (operating-level, 30 years Kalimantan forestry)",PDD VCS5736 dated 2023 narrative bio,From PDD 2023; appears to be operating director / day-to-day. Jonathan Han (separate row) listed as CEO in proponent table — both may coexist as different roles,,older_pdd,
VCS5736,Kapuas Pisau Conservation Project,PT. Indo Hutan Ekosistem,Sri Utoro,General Manager (Legal team),PDD VCS5736 dated 2023,From PDD 2023; 30 years forestry + legal/compliance,,older_pdd,
VCS5736,Kapuas Pisau Conservation Project,PT Ramang Agro Lestari,(no info found),,XXX,"No company website or canonical source in DATASET_companies.csv. Try Indonesian business registry (companieshouse.id), news searches, or LinkedIn.",,(none),
VCS5799,Gerbang Barito REDD+ Project,Lembaga Pengelola Hutan Desa (LPHD) Batampang,Samitro,Chairman,PDD VCS5799 dated 2025 (Gerbang Barito REDD+),From PDD 2025 — village forest management institute chair,,recent_pdd,
VCS5799,Gerbang Barito REDD+ Project,Lembaga Pengelola Hutan Desa (LPHD) Batilap,Jumani,Chairman,PDD VCS5799 dated 2025,From PDD 2025,,recent_pdd,
VCS5799,Gerbang Barito REDD+ Project,Wildlife Works,Mike Korchinsky,Founder and CEO,https://www.wildlifeworks.com/team,Founded Wildlife Works in 1997; pioneer of REDD+ in Kenya,,direct_website,
VCS5799,Gerbang Barito REDD+ Project,Wildlife Works,Brian Williams,Regional VP of Asia,https://www.wildlifeworks.com/team,Asia regional lead — covers Indonesia operations,,direct_website,
VCS5799,Gerbang Barito REDD+ Project,Wildlife Works,Erlinda Ekaputri,Indonesia Country Director,https://www.wildlifeworks.com/team,Indonesia team,,direct_website,
VCS5799,Gerbang Barito REDD+ Project,Wildlife Works,Imam Basuki,Senior Wetlands Specialist,https://www.wildlifeworks.com/team,Indonesia team,,direct_website,
VCS5799,Gerbang Barito REDD+ Project,Wildlife Works,Anastasia Sarma Ramalo,Indonesia Sourcing Officer,https://www.wildlifeworks.com/team,Indonesia team,,direct_website,
VCS5799,Gerbang Barito REDD+ Project,Wildlife Works,Yunus Helmi,GIS/Data Analyst,https://www.wildlifeworks.com/team,Indonesia team,,direct_website,
VCS5799,Gerbang Barito REDD+ Project,Wildlife Works,Tamara Anisa,Communications Lead,https://www.wildlifeworks.com/team,Indonesia team,,direct_website,
VCS5799,Gerbang Barito REDD+ Project,Wildlife Works,Syaipul Malik Ibrahim,Finance & Accounting Manager,https://www.wildlifeworks.com/team,Indonesia team,,direct_website,
VCS5799,Gerbang Barito REDD+ Project,Wildlife Works,Nenden Dewi Milawati,Human Resources Manager,https://www.wildlifeworks.com/team,Indonesia team,,direct_website,
VCS5799,Gerbang Barito REDD+ Project,Wildlife Works,Muhammad Diheim Biru,Technical Writer and Research Associate,https://www.wildlifeworks.com/team,Indonesia team,,direct_website,
VCS5799,Gerbang Barito REDD+ Project,Wildlife Works,Vanji Dwi Prasetyo,Community Development and Sustainable Livelihood Specialist,https://www.wildlifeworks.com/team,Indonesia team,,direct_website,
VCS5799,Gerbang Barito REDD+ Project,Wildlife Works,Munawar Kholis,Biodiversity Conservation Manager,https://www.wildlifeworks.com/team,Indonesia team,,direct_website,
VCS5834,Delta Kapuas Project,LPHD Ambarawa,Ismail,Head,PDD VCS5834 dated 2025,From PDD 2025,,recent_pdd,
VCS5834,Delta Kapuas Project,LPHD Ambawang,Heronimus Hero,Head,PDD VCS5834 dated 2025,From PDD 2025,,recent_pdd,
VCS5834,Delta Kapuas Project,LPHD Batu Ampar,Hermansyah,Head,PDD VCS5834 dated 2025,From PDD 2025,,recent_pdd,
VCS5834,Delta Kapuas Project,LPHD Betuah,Saudit,Head,PDD VCS5834 dated 2025,From PDD 2025,,recent_pdd,
VCS5834,Delta Kapuas Project,LPHD Dabong,Ridwanto,Head,PDD VCS5834 dated 2025,From PDD 2025,,recent_pdd,
VCS5834,Delta Kapuas Project,LPHD Dusun Besar,Nurdin,Head,PDD VCS5834 dated 2025,From PDD 2025,,recent_pdd,
VCS5834,Delta Kapuas Project,LPHD Kemboja,Juno Ardi,Head,PDD VCS5834 dated 2025,From PDD 2025,,recent_pdd,
VCS5834,Delta Kapuas Project,LPHD Kubu,Ade Bagus Arjunawan,Head,PDD VCS5834 dated 2025,From PDD 2025,,recent_pdd,
VCS5834,Delta Kapuas Project,LPHD Medan Mas,Rusdianto,Head,PDD VCS5834 dated 2025,From PDD 2025,,recent_pdd,
VCS5834,Delta Kapuas Project,LPHD Mengkalang,Rudi Sahat,Head,PDD VCS5834 dated 2025,From PDD 2025,,recent_pdd,
VCS5834,Delta Kapuas Project,LPHD Nipah Panjang,Toni,Head,PDD VCS5834 dated 2025,From PDD 2025,,recent_pdd,
VCS5834,Delta Kapuas Project,LPHD Padang Tikar Satu,Hartono,Head,PDD VCS5834 dated 2025,From PDD 2025,,recent_pdd,
VCS5834,Delta Kapuas Project,LPHD Satai Lestari,Abdul Syukur,Head,PDD VCS5834 dated 2025,From PDD 2025,,recent_pdd,
VCS5834,Delta Kapuas Project,LPHD Setuat Dua,Muhlas,Head,PDD VCS5834 dated 2025,"From PDD 2025; PDD spells village as ""Seruat Dua""",,recent_pdd,
VCS5834,Delta Kapuas Project,LPHD Sungai Bemban,Angger,Head,PDD VCS5834 dated 2025,From PDD 2025 — first name only on PDD,,recent_pdd,
VCS5834,Delta Kapuas Project,LPHD Sungai Besar,Mulyadi,Head,PDD VCS5834 dated 2025,From PDD 2025,,recent_pdd,
VCS5834,Delta Kapuas Project,LPHD Sungai Jawi,Abu Bakar,Head,PDD VCS5834 dated 2025,From PDD 2025,,recent_pdd,
VCS5834,Delta Kapuas Project,LPHD Tanjung Beringin,Sudin,Head,PDD VCS5834 dated 2025,From PDD 2025,,recent_pdd,
VCS5834,Delta Kapuas Project,LPHD Tanjung Harapan,Sahda,Head,PDD VCS5834 dated 2025,From PDD 2025,,recent_pdd,
VCS5834,Delta Kapuas Project,LPHD Tanjung Satai,Hidayat,Head,PDD VCS5834 dated 2025,From PDD 2025,,recent_pdd,
VCS5834,Delta Kapuas Project,LPHD Tasik Malaya,Ya'kub,Head,PDD VCS5834 dated 2025,From PDD 2025,,recent_pdd,
VCS5834,Delta Kapuas Project,LPHD Teluk Bakung,Natasius,Head,PDD VCS5834 dated 2025,From PDD 2025,,recent_pdd,
VCS5834,Delta Kapuas Project,LPHD Teluk Nibung,Mahyudin,Head,PDD VCS5834 dated 2025,From PDD 2025,,recent_pdd,
VCS5834,Delta Kapuas Project,Perkumpulan SAMPAN Kalimantan,Fajri Nailus Subchi,Chairman Board,PDD VCS5834 dated 2025 (Delta Kapuas),"From PDD 2025; Sungai Raya, West Kalimantan address per PDD",,recent_pdd,
VCS5834,Delta Kapuas Project,PT Belantara Sejahtera Mandiri,Irvan Nurmansyah,Forest Restoration & Conservation Sub-Department Head,PDD VCS5834 dated 2025 (Delta Kapuas Project),From PDD 2025; mid-level role — directors not listed in PDD,,recent_pdd,
VCS5834,Delta Kapuas Project,LPHD Dusun Kecil,(no info found),,XXX,"Local-level entity (village, cooperative, or community forest body). Leadership is typically village heads / cooperative chairs not published online; try local government records or REDD+ project documents.",,(none),
VCS5834,Delta Kapuas Project,LPHD Kampung Baru,(no info found),,XXX,"Local-level entity (village, cooperative, or community forest body). Leadership is typically village heads / cooperative chairs not published online; try local government records or REDD+ project documents.",,(none),
VCS5834,Delta Kapuas Project,LPHD Kampung Baru Head,(no info found),,XXX,"Local-level entity (village, cooperative, or community forest body). Leadership is typically village heads / cooperative chairs not published online; try local government records or REDD+ project documents.",,(none),
"VCS5834, VCS5873",,PT Wanantara Alesha Sadhana (PT WAS),Dwi Shanty Apriliani Gunadi,Head of Carbon Certification,PDDs VCS5834 (2025) and VCS5873 (2025-2026),From PDDs 2025-2026; same person on both projects — PT WAS is project development consultant and carbon accounting expert based in Bogor,,recent_pdd,
VCS5845,Nunukan Mangrove & Peatland Project,Bumi Hijau Konservasi,Daniel Basuki,Managing Director,PDD VCS5845 dated 2025 (Nunukan Mangrove & Peatland Project),"From PDD 2025; user CSV has ""Bumi Hijau Konservasi"" and also ""PT Bumi Hijau Konservasi""",,recent_pdd,
VCS5845,Nunukan Mangrove & Peatland Project,PT Udara Untuk Semua - FAIRATMOS,Natalia Rialucky Marsudi,Founder & CEO,https://www.fairatmos.com/blog/fairatmos-ceo-at-asia-pe-vc-summit-2025-shaping-the-future-of-climate-investment,"Confirmed as ""Founder & CEO"" in Fairatmos blog post",,direct_website,
VCS5873,Gunung Lumut Landscape Project,PT Indika Multi Properti (PT IMP),Arsjad Rasjid,Commissioner,https://market.bisnis.com/read/20190625/192/937309/indy-ekspansi-bisnis-properti-dan-konstruksi + https://pemilu.jatam.org/tokoh.php?nama=arsjadrasjid,Commissioner of PT IMP since October 2019. Also CEO of Indika Energy (parent) and former Chair of ASEAN-BAC under Indonesia 2023 presidency,,direct_website,
VCS5873,Gunung Lumut Landscape Project,PT Indika Multi Properti (PT IMP),Agus Lasmono,"Komisaris Utama (President Commissioner), Indika Energy (parent)",https://www.tempo.co/ekonomi/profil-agus-lasmono-keponakan-soeharto-yang-jadi-komisaris-utama-indika-energy-1364304,Nephew of former President Soeharto. Sits atop the Indika Group ownership chain — politically significant Suharto-family link into VCS5873,,news_article,
VCS5873,Gunung Lumut Landscape Project,PT Telaga Mas Kalimantan (PT TMK),Abdul Karim Sutanto,Director,PDD VCS5873 dated 2023 (Gunung Lumut Landscape Project),From PDD 2023,,older_pdd,
VCS5891,Forest Landscape Restoration in North Sulawesi Province,Masarang Foundation,Willie Smits,Founder,https://masarang.eu/,Well-known Dutch-Indonesian conservationist; founded Masarang in 2001 in North Sulawesi; orangutan reintroduction and sugar palm reforestation pioneer,,direct_website,
VCS5891,Forest Landscape Restoration in North Sulawesi Province,PT Thryve.Earth Indonesia,Pranab Prakash,"Director, Thryve Earth Indonesia",https://www.thryve.earth/team,Indonesia-specific role per https://www.thryve.earth/team,,direct_website,
VCS5891,Forest Landscape Restoration in North Sulawesi Province,Thryve.Earth PTE LTD,Ron Steinherz,Chief Product Officer (CPO),PDD VCS5891 dated 2026,"From PDD 2026; same person as Co-Founder & CPO of Thryve Earth (parent), signing for the Indonesian entity",,recent_pdd,
VCS674,Rimba Raya Biodiversity Reserve Project,InfiniteEARTH (referenced in Rimba Raya PDD; not in DATASET_companies.csv),Todd Lemons,Project Proponent contact (likely CEO),Verra API doc: VCS674 monitoring report dated 2020 (Rimba Raya Biodiversity Reserve),Todd Lemons is well-documented as Chairman/CEO of InfiniteEARTH and architect of Rimba Raya. InfiniteEARTH is not in DATASET_companies.csv; flagged in earlier Berkeley-comparison report,,older_pdd,
VCS674,Rimba Raya Biodiversity Reserve Project,Orangutan Foundation International,Frederick Bohap Galdikas,President (Board) + Indonesia & US Staff Lead,https://orangutan.org/aboutofi/board-and-staff/,Son of founder Biruté Mary Galdikas,,direct_website,
VCS674,Rimba Raya Biodiversity Reserve Project,Orangutan Foundation International,John Beal,Vice-President (Board),https://orangutan.org/aboutofi/board-and-staff/,,,direct_website,
VCS674,Rimba Raya Biodiversity Reserve Project,Orangutan Foundation International,Janice Gleason-Skow,Treasurer (Board),https://orangutan.org/aboutofi/board-and-staff/,,,direct_website,
VCS674,Rimba Raya Biodiversity Reserve Project,Orangutan Foundation International,Ann Levine,Secretary (Board),https://orangutan.org/aboutofi/board-and-staff/,,,direct_website,
VCS674,Rimba Raya Biodiversity Reserve Project,Orangutan Foundation International,Biruté Mary Galdikas,Founder (Emeritus Board),https://orangutan.org/aboutofi/board-and-staff/,"Co-founded OFI in 1986; ""the Last Living Trimate"" (orangutan researcher with Goodall and Fossey); recently deceased",,direct_website,
VCS674,Rimba Raya Biodiversity Reserve Project,Orangutan Foundation International,Dudy Kurniawan,Program Manager (Indonesia),https://orangutan.org/aboutofi/board-and-staff/,Indonesia staff,,direct_website,
VCS674,Rimba Raya Biodiversity Reserve Project,Orangutan Foundation International,Renie Djojoasmoro,Jakarta Manager (Indonesia),https://orangutan.org/aboutofi/board-and-staff/,Indonesia staff,,direct_website,
VCS674,Rimba Raya Biodiversity Reserve Project,Orangutan Foundation International,Robert Yappi,GIS Program Director & East Field Coordinator (Indonesia),https://orangutan.org/aboutofi/board-and-staff/,Indonesia staff,,direct_website,
VCS674,Rimba Raya Biodiversity Reserve Project,InfiniteEARTH,(no info found),,XXX,"No company website or canonical source in DATASET_companies.csv. Try Indonesian business registry (companieshouse.id), news searches, or LinkedIn.",,(none),
VCS674,Rimba Raya Biodiversity Reserve Project,World Education,(no info found),,https://worlded.org/,"Searched https://worlded.org/ — no leadership listed. Try news searches (Indonesian: Tempo, Kompas, Bisnis Indonesia; English: Reuters, Mongabay) or Indonesian business registry companieshouse.id.",,(none),
VCS688,Wayang Windu Phase 2 Geothermal Power Project,Star Energy Geothermal (Wayang Windu) Limited,(no info found),,https://www.starenergygeothermal.co.id/,"Subsidiary of Star Energy Geothermal. See ""Star Energy Geothermal (parent of Salak/Wayang Windu subsidiaries)"" for verified Board of Directors. Wayang Windu-specific officers not separately published.",,(none),
VCS967,Bantargebang Landfill Gas Management & Power Generation,PT Navigat Organic Energy Indonesia,(no info found),,https://maxpowergroup.com/contact-us/,"Searched https://maxpowergroup.com/contact-us/ — no leadership listed. Try news searches (Indonesian: Tempo, Kompas, Bisnis Indonesia; English: Reuters, Mongabay) or Indonesian business registry companieshouse.id.",,(none),
VCS967,Bantargebang Landfill Gas Management & Power Generation,PT Zeus Innavitas,(no info found),,XXX,"No company website or canonical source in DATASET_companies.csv. Try Indonesian business registry (companieshouse.id), news searches, or LinkedIn.",,(none),
